started_at,ended_at,member_casual,trip_duration_min,time_of_day
2024-09-30 23:12:01.622,2024-10-01 00:20:00.674,casual,67.9842,Midday
2024-09-30 23:19:25.409,2024-10-01 00:42:09.933,casual,82.74206666666667,Midday
2024-09-30 23:49:25.380,2024-10-01 00:06:27.476,member,17.034933333333335,Midday
2024-09-30 23:49:40.016,2024-10-01 00:02:40.578,member,13.009366666666667,Midday
2024-10-06 00:00:13.486,2024-10-06 00:06:07.104,member,5.893633333333333,Midday
2024-10-06 00:00:50.524,2024-10-06 00:04:50.187,member,3.9943833333333334,Midday
2024-10-06 00:01:14.124,2024-10-06 00:10:24.498,casual,9.1729,Midday
2024-10-06 00:01:17.290,2024-10-06 00:10:16.450,casual,8.985999999999999,Midday
2024-10-06 00:01:24.780,2024-10-06 00:16:14.425,casual,14.827416666666666,Midday
2024-10-06 00:01:33.701,2024-10-06 00:04:16.370,casual,2.7111500000000004,Midday
2024-10-06 00:01:46.934,2024-10-06 00:24:11.818,member,22.414733333333334,Midday
2024-10-06 00:02:44.749,2024-10-06 00:13:37.852,member,10.88505,Midday
2024-10-06 00:04:12.901,2024-10-06 00:15:23.404,member,11.17505,Midday
2024-10-06 00:06:35.669,2024-10-06 00:09:28.396,casual,2.8787833333333332,Midday
2024-10-06 00:08:54.716,2024-10-06 00:15:50.478,casual,6.929366666666667,Midday
2024-10-06 00:09:02.694,2024-10-06 00:17:44.581,casual,8.698116666666666,Midday
2024-10-06 00:11:38.241,2024-10-06 00:23:26.623,member,11.806366666666666,Midday
2024-10-06 00:11:41.104,2024-10-06 00:11:58.389,casual,0.28808333333333336,Midday
2024-10-06 00:14:35.831,2024-10-06 00:30:49.048,casual,16.220283333333334,Midday
2024-10-06 00:15:24.489,2024-10-06 00:32:04.339,casual,16.664166666666667,Midday
2024-10-06 00:18:24.531,2024-10-06 00:27:08.418,casual,8.731449999999999,Midday
2024-10-06 00:19:40.234,2024-10-06 00:27:46.528,member,8.104899999999999,Midday
2024-10-06 00:21:50.440,2024-10-06 00:38:24.495,member,16.56758333333333,Midday
2024-10-06 00:22:21.667,2024-10-06 00:36:16.093,casual,13.907100000000002,Midday
2024-10-06 00:22:26.019,2024-10-06 00:27:43.170,casual,5.28585,Midday
2024-10-06 00:22:50.983,2024-10-06 00:29:11.475,member,6.3415333333333335,Midday
2024-10-06 00:22:58.368,2024-10-06 00:36:37.067,casual,13.644983333333332,Midday
2024-10-06 00:23:10.156,2024-10-06 00:26:01.454,member,2.854966666666667,Midday
2024-10-06 00:23:31.359,2024-10-06 00:40:33.171,casual,17.0302,Midday
2024-10-06 00:25:04.438,2024-10-06 00:37:59.286,member,12.914133333333332,Midday
2024-10-06 00:25:26.563,2024-10-06 00:35:49.584,member,10.383683333333332,Midday
2024-10-06 00:27:24.207,2024-10-06 00:32:43.241,member,5.317233333333333,Midday
2024-10-06 00:28:30.530,2024-10-06 00:40:56.322,casual,12.429866666666667,Midday
2024-10-06 00:29:22.160,2024-10-06 00:37:06.036,casual,7.7312666666666665,Midday
2024-10-06 00:29:43.028,2024-10-06 00:38:14.138,casual,8.5185,Midday
2024-10-06 00:31:01.460,2024-10-06 00:31:34.058,member,0.5433,Midday
2024-10-06 00:31:46.252,2024-10-06 00:42:03.765,casual,10.291883333333335,Midday
2024-10-06 00:32:11.876,2024-10-06 01:37:40.724,casual,65.4808,Midday
2024-10-06 00:32:37.396,2024-10-06 00:54:36.792,member,21.989933333333333,Midday
2024-10-06 00:32:57.491,2024-10-06 01:05:55.950,member,32.97431666666667,Midday
2024-10-06 00:34:19.949,2024-10-06 00:41:06.003,member,6.767566666666666,Midday
2024-10-06 00:36:37.096,2024-10-06 00:50:43.275,casual,14.102983333333333,Midday
2024-10-06 00:36:54.804,2024-10-06 00:44:33.555,casual,7.645849999999999,Midday
2024-10-06 00:38:48.855,2024-10-06 01:23:04.492,casual,44.26061666666667,Midday
2024-10-06 00:38:50.526,2024-10-06 00:38:53.527,casual,0.05001666666666667,Midday
2024-10-06 00:39:58.048,2024-10-06 01:00:36.648,member,20.64333333333333,Midday
2024-10-06 00:40:42.195,2024-10-06 00:56:58.895,casual,16.278333333333332,Midday
2024-10-06 00:41:06.011,2024-10-06 00:46:20.134,casual,5.235383333333333,Midday
2024-10-06 00:43:00.465,2024-10-06 01:03:15.631,casual,20.252766666666666,Midday
2024-10-06 00:44:04.822,2024-10-06 00:58:40.092,member,14.587833333333332,Midday
2024-10-06 00:44:30.113,2024-10-06 01:23:29.228,member,38.98524999999999,Midday
2024-10-06 00:45:22.577,2024-10-06 00:54:49.916,casual,9.45565,Midday
2024-10-06 00:46:20.700,2024-10-06 01:10:12.166,casual,23.857766666666667,Midday
2024-10-06 00:47:05.313,2024-10-06 00:52:21.316,member,5.2667166666666665,Midday
2024-10-06 00:49:27.333,2024-10-06 00:55:48.954,member,6.3603499999999995,Midday
2024-10-06 00:50:38.468,2024-10-06 00:55:28.135,member,4.827783333333333,Midday
2024-10-06 00:52:12.387,2024-10-06 00:55:25.344,casual,3.21595,Midday
2024-10-06 00:53:49.486,2024-10-06 00:57:20.995,casual,3.5251499999999996,Midday
2024-10-06 00:54:06.495,2024-10-06 01:02:07.627,casual,8.018866666666666,Midday
2024-10-06 00:54:59.328,2024-10-06 01:23:14.827,casual,28.258316666666666,Midday
2024-10-06 00:55:40.493,2024-10-06 01:00:23.948,member,4.72425,Midday
2024-10-06 00:56:01.451,2024-10-06 01:08:46.822,casual,12.756183333333333,Midday
2024-10-06 00:56:01.932,2024-10-06 01:23:52.981,casual,27.850816666666667,Midday
2024-10-06 00:57:20.321,2024-10-06 00:57:27.808,casual,0.12478333333333333,Midday
2024-10-06 00:58:37.321,2024-10-06 01:21:56.401,member,23.317999999999998,Midday
2024-10-06 01:01:43.050,2024-10-06 01:07:17.422,casual,5.572866666666667,Midday
2024-10-06 01:01:50.084,2024-10-06 01:08:09.048,member,6.316066666666667,Midday
2024-10-06 01:02:28.864,2024-10-06 01:04:47.181,casual,2.3052833333333336,Midday
2024-10-06 01:07:13.933,2024-10-06 01:13:19.224,casual,6.088183333333333,Midday
2024-10-06 01:07:29.243,2024-10-06 01:48:29.568,casual,41.00541666666666,Midday
2024-10-06 01:08:19.366,2024-10-06 01:48:23.208,casual,40.064033333333334,Midday
2024-10-06 01:08:53.755,2024-10-06 01:14:00.893,casual,5.118966666666666,Midday
2024-10-06 01:08:57.527,2024-10-06 01:29:38.390,member,20.681050000000003,Midday
2024-10-06 01:09:41.810,2024-10-06 01:27:39.076,casual,17.954433333333334,Midday
2024-10-06 01:10:19.710,2024-10-06 01:22:37.865,casual,12.302583333333333,Midday
2024-10-06 01:11:29.206,2024-10-06 01:22:01.738,casual,10.542200000000001,Midday
2024-10-06 01:11:36.943,2024-10-06 01:23:04.186,member,11.45405,Midday
2024-10-06 01:13:42.932,2024-10-06 01:19:47.086,casual,6.069233333333333,Midday
2024-10-06 01:14:02.690,2024-10-06 01:26:22.540,casual,12.330833333333334,Midday
2024-10-06 01:14:11.056,2024-10-06 01:16:23.254,member,2.2033,Midday
2024-10-06 01:16:15.716,2024-10-06 01:24:28.113,casual,8.206616666666667,Midday
2024-10-06 01:21:03.140,2024-10-06 01:29:18.528,member,8.256466666666666,Midday
2024-10-06 01:21:05.512,2024-10-06 02:03:10.833,member,42.08868333333333,Midday
2024-10-06 01:21:22.042,2024-10-06 01:56:16.852,casual,34.9135,Midday
2024-10-06 01:21:51.937,2024-10-06 01:37:23.408,casual,15.524516666666667,Midday
2024-10-06 01:24:51.890,2024-10-06 01:33:46.974,member,8.918066666666666,Midday
2024-10-06 01:27:33.477,2024-10-06 01:34:38.214,casual,7.078950000000001,Midday
2024-10-06 01:28:14.299,2024-10-06 01:41:11.000,casual,12.945016666666668,Midday
2024-10-06 01:32:47.494,2024-10-06 01:44:20.216,casual,11.545366666666666,Midday
2024-10-06 01:36:44.656,2024-10-06 01:40:25.722,casual,3.6844333333333332,Midday
2024-10-06 01:38:35.199,2024-10-06 01:44:13.811,member,5.643533333333334,Midday
2024-10-06 01:38:46.463,2024-10-06 01:46:52.828,member,8.106083333333334,Midday
2024-10-06 01:39:29.376,2024-10-06 02:25:28.884,member,45.9918,Midday
2024-10-06 01:40:05.893,2024-10-06 01:53:17.140,casual,13.18745,Midday
2024-10-06 01:40:12.166,2024-10-06 01:48:07.606,member,7.924,Midday
2024-10-06 01:42:48.185,2024-10-06 01:49:00.853,casual,6.211133333333334,Midday
2024-10-06 01:43:24.218,2024-10-06 02:05:14.791,casual,21.842883333333337,Midday
2024-10-06 01:43:45.840,2024-10-06 02:55:07.251,casual,71.35685,Midday
2024-10-06 01:43:46.805,2024-10-06 02:04:24.801,member,20.633266666666668,Midday
2024-10-06 01:44:49.040,2024-10-06 01:57:06.212,member,12.286200000000001,Midday
2024-10-06 01:45:52.565,2024-10-06 01:51:36.778,member,5.736883333333334,Midday
2024-10-06 01:46:45.690,2024-10-06 02:00:03.433,casual,13.295716666666667,Midday
2024-10-06 01:49:33.601,2024-10-06 02:04:52.560,casual,15.315983333333332,Midday
2024-10-06 01:49:39.307,2024-10-06 01:57:43.990,casual,8.07805,Midday
2024-10-06 01:54:45.661,2024-10-06 02:03:54.843,member,9.153033333333333,Midday
2024-10-06 01:55:09.844,2024-10-06 01:58:28.928,member,3.3180666666666667,Midday
2024-10-06 01:55:40.445,2024-10-06 02:13:03.055,member,17.37683333333333,Midday
2024-10-06 01:56:22.499,2024-10-06 02:20:10.244,casual,23.795749999999998,Midday
2024-10-06 01:57:00.056,2024-10-06 02:14:53.936,member,17.898000000000003,Midday
2024-10-06 01:59:50.932,2024-10-06 02:02:47.215,casual,2.9380499999999996,Midday
2024-10-06 02:04:36.957,2024-10-06 02:08:20.695,casual,3.7289666666666665,Midday
2024-10-06 02:05:10.704,2024-10-06 02:07:07.632,member,1.9487999999999999,Midday
2024-10-06 02:07:25.995,2024-10-06 02:20:29.984,member,13.066483333333334,Midday
2024-10-06 02:10:06.582,2024-10-06 02:20:57.854,casual,10.854533333333334,Midday
2024-10-06 02:14:57.302,2024-10-06 02:36:03.600,member,21.104966666666666,Midday
2024-10-06 02:15:15.386,2024-10-06 02:46:58.658,casual,31.7212,Midday
2024-10-06 02:17:09.430,2024-10-06 02:28:37.189,casual,11.46265,Midday
2024-10-06 02:20:51.409,2024-10-06 02:52:28.449,member,31.61733333333333,Midday
2024-10-06 02:21:35.776,2024-10-06 02:32:14.965,casual,10.65315,Midday
2024-10-06 02:22:54.399,2024-10-06 02:25:16.097,member,2.3616333333333333,Midday
2024-10-06 02:24:52.008,2024-10-06 02:33:16.281,member,8.40455,Midday
2024-10-06 02:25:27.602,2024-10-06 02:35:04.432,casual,9.613833333333334,Midday
2024-10-06 02:32:49.877,2024-10-06 02:42:06.392,casual,9.27525,Midday
2024-10-06 02:44:12.172,2024-10-06 03:03:54.426,member,19.70423333333333,Midday
2024-10-06 02:46:12.150,2024-10-06 02:59:31.536,member,13.3231,Midday
2024-10-06 02:47:15.751,2024-10-06 02:52:52.821,casual,5.6178333333333335,Midday
2024-10-06 02:47:25.989,2024-10-06 02:53:47.058,member,6.3511500000000005,Midday
2024-10-06 02:48:16.038,2024-10-06 03:09:07.851,casual,20.86355,Midday
2024-10-06 02:49:17.390,2024-10-06 03:00:44.315,casual,11.448749999999999,Midday
2024-10-06 02:50:02.947,2024-10-06 03:22:21.659,casual,32.31186666666667,Midday
2024-10-06 02:53:30.251,2024-10-06 03:03:20.292,member,9.834016666666667,Midday
2024-10-06 02:56:35.064,2024-10-06 03:00:59.739,member,4.41125,Midday
2024-10-06 02:58:18.434,2024-10-06 03:02:01.837,member,3.723383333333333,Midday
2024-10-06 03:00:44.812,2024-10-06 03:16:01.561,member,15.27915,Midday
2024-10-06 03:01:57.403,2024-10-06 03:07:58.583,casual,6.019666666666667,Midday
2024-10-06 03:10:23.550,2024-10-06 03:15:07.751,member,4.736683333333334,Midday
2024-10-06 03:15:09.955,2024-10-06 03:20:56.063,casual,5.768466666666667,Midday
2024-10-06 03:16:13.891,2024-10-06 03:18:19.387,member,2.0916,Midday
2024-10-06 03:20:22.376,2024-10-06 04:04:58.141,member,44.59608333333333,Midday
2024-10-06 03:21:09.399,2024-10-06 03:45:56.332,member,24.782216666666667,Midday
2024-10-06 03:22:01.431,2024-10-06 03:45:16.100,member,23.244483333333335,Midday
2024-10-06 03:22:16.743,2024-10-06 03:29:00.093,casual,6.7225,Midday
2024-10-06 03:24:52.220,2024-10-06 03:32:45.684,casual,7.891066666666666,Midday
2024-10-06 03:29:19.703,2024-10-06 03:34:04.257,casual,4.742566666666666,Midday
2024-10-06 03:40:00.610,2024-10-06 03:52:27.033,member,12.440383333333333,Midday
2024-10-06 03:42:04.633,2024-10-06 03:51:42.816,casual,9.636383333333333,Midday
2024-10-06 03:51:56.099,2024-10-06 04:04:37.426,member,12.688783333333333,Midday
2024-10-06 03:52:51.037,2024-10-06 04:15:20.458,member,22.49035,Midday
2024-10-06 03:59:04.794,2024-10-06 04:25:15.004,casual,26.170166666666667,Midday
2024-10-06 04:10:29.511,2024-10-06 04:13:52.972,member,3.391016666666667,Midday
2024-10-06 04:32:47.463,2024-10-06 04:36:47.717,casual,4.0042333333333335,Midday
2024-10-06 04:38:14.842,2024-10-06 04:46:16.755,member,8.031883333333333,Midday
2024-10-06 04:54:21.568,2024-10-06 05:00:19.103,casual,5.958916666666667,Midday
2024-10-06 05:34:32.371,2024-10-06 05:42:54.953,member,8.376366666666666,Midday
2024-10-06 05:55:26.915,2024-10-06 06:03:23.586,member,7.944516666666667,Midday
2024-10-06 05:55:38.717,2024-10-06 06:00:03.984,member,4.421116666666666,Midday
2024-10-06 05:56:15.085,2024-10-06 06:05:12.122,member,8.950616666666667,Midday
2024-10-06 06:04:39.534,2024-10-06 06:13:22.482,member,8.7158,Midday
2024-10-06 06:07:25.521,2024-10-06 06:21:28.360,member,14.047316666666667,Midday
2024-10-06 06:27:55.757,2024-10-06 06:53:12.939,member,25.286366666666666,Midday
2024-10-06 06:34:02.930,2024-10-06 06:36:49.629,member,2.778316666666667,Midday
2024-10-06 06:35:14.955,2024-10-06 06:36:49.167,casual,1.5702,Midday
2024-10-06 06:37:36.894,2024-10-06 06:41:09.089,member,3.536583333333333,Midday
2024-10-06 06:39:14.970,2024-10-06 06:48:04.526,casual,8.825933333333333,Midday
2024-10-06 06:45:39.155,2024-10-06 06:58:33.328,member,12.902883333333333,Midday
2024-10-06 06:47:22.681,2024-10-06 06:54:17.421,member,6.912333333333334,Midday
2024-10-06 06:48:06.163,2024-10-06 06:53:14.210,member,5.134116666666667,Midday
2024-10-06 06:49:45.037,2024-10-06 06:57:54.388,member,8.15585,Midday
2024-10-06 06:53:12.804,2024-10-06 06:55:47.225,member,2.5736833333333333,Midday
2024-10-06 07:05:02.575,2024-10-06 07:18:17.217,member,13.244033333333334,Morning Rush
2024-10-06 07:11:48.997,2024-10-06 07:32:42.993,casual,20.899933333333333,Morning Rush
2024-10-06 07:18:18.674,2024-10-06 07:47:45.075,casual,29.44001666666667,Morning Rush
2024-10-06 07:18:47.972,2024-10-06 07:48:00.644,member,29.2112,Morning Rush
2024-10-06 07:20:03.284,2024-10-06 07:25:49.413,casual,5.768816666666667,Morning Rush
2024-10-06 07:22:37.383,2024-10-06 07:32:11.759,casual,9.572933333333333,Morning Rush
2024-10-06 07:24:14.098,2024-10-06 07:34:56.197,casual,10.70165,Morning Rush
2024-10-06 07:24:55.593,2024-10-06 07:32:45.065,member,7.824533333333333,Morning Rush
2024-10-06 07:25:27.915,2024-10-06 07:36:38.099,member,11.169733333333333,Morning Rush
2024-10-06 07:26:37.781,2024-10-06 07:30:32.605,casual,3.9137333333333335,Morning Rush
2024-10-06 07:32:39.364,2024-10-06 07:36:03.261,member,3.398283333333333,Morning Rush
2024-10-06 07:34:51.047,2024-10-06 07:46:07.995,casual,11.282466666666666,Morning Rush
2024-10-06 07:36:57.999,2024-10-06 07:40:43.289,member,3.754833333333333,Morning Rush
2024-10-06 07:37:07.772,2024-10-06 07:52:06.412,member,14.977333333333332,Morning Rush
2024-10-06 07:37:54.356,2024-10-06 07:48:19.973,casual,10.42695,Morning Rush
2024-10-06 07:38:35.119,2024-10-06 08:03:36.873,member,25.02923333333333,Morning Rush
2024-10-06 07:39:45.506,2024-10-06 08:06:33.724,member,26.803633333333334,Morning Rush
2024-10-06 07:41:19.100,2024-10-06 07:54:47.852,member,13.479199999999999,Morning Rush
2024-10-06 07:45:25.730,2024-10-06 07:51:55.016,member,6.4881,Morning Rush
2024-10-06 07:45:29.827,2024-10-06 08:04:26.795,member,18.94946666666667,Morning Rush
2024-10-06 07:47:31.066,2024-10-06 07:55:15.320,member,7.737566666666667,Morning Rush
2024-10-06 07:47:41.965,2024-10-06 07:49:22.275,member,1.6718333333333333,Morning Rush
2024-10-06 07:49:59.902,2024-10-06 07:55:47.635,casual,5.79555,Morning Rush
2024-10-06 07:50:19.780,2024-10-06 08:13:12.977,member,22.886616666666665,Morning Rush
2024-10-06 07:50:56.120,2024-10-06 07:58:42.494,member,7.772900000000001,Morning Rush
2024-10-06 07:52:30.551,2024-10-06 07:56:15.133,casual,3.7430333333333334,Morning Rush
2024-10-06 07:53:08.526,2024-10-06 07:54:54.157,member,1.7605166666666667,Morning Rush
2024-10-06 07:54:43.940,2024-10-06 08:12:57.469,casual,18.225483333333333,Morning Rush
2024-10-06 07:54:45.719,2024-10-06 08:18:40.601,member,23.9147,Morning Rush
2024-10-06 07:54:58.687,2024-10-06 08:09:40.219,member,14.692200000000001,Morning Rush
2024-10-06 07:57:08.965,2024-10-06 08:03:49.401,member,6.673933333333333,Morning Rush
2024-10-06 07:57:59.214,2024-10-06 08:01:28.650,casual,3.4906,Morning Rush
2024-10-06 07:58:05.501,2024-10-06 08:03:33.898,member,5.473283333333333,Morning Rush
2024-10-06 07:59:19.785,2024-10-06 08:09:58.174,casual,10.639816666666666,Morning Rush
2024-10-06 08:01:05.258,2024-10-06 08:05:40.457,casual,4.586650000000001,Morning Rush
2024-10-06 08:02:16.195,2024-10-06 08:16:02.556,member,13.772683333333333,Morning Rush
2024-10-06 08:03:08.673,2024-10-06 08:14:14.668,member,11.099916666666667,Morning Rush
2024-10-06 08:03:55.252,2024-10-06 08:07:51.161,casual,3.9318166666666667,Morning Rush
2024-10-06 08:06:43.503,2024-10-06 09:08:51.710,casual,62.136783333333334,Morning Rush
2024-10-06 08:07:56.914,2024-10-06 08:12:42.984,member,4.767833333333333,Morning Rush
2024-10-06 08:09:15.838,2024-10-06 08:20:42.614,member,11.446266666666666,Morning Rush
2024-10-06 08:11:32.460,2024-10-06 08:38:42.645,casual,27.16975,Morning Rush
2024-10-06 08:17:09.120,2024-10-06 08:39:55.610,member,22.774833333333333,Morning Rush
2024-10-06 08:21:02.823,2024-10-06 09:22:16.772,member,61.232483333333334,Morning Rush
2024-10-06 08:23:17.570,2024-10-06 08:32:56.003,member,9.64055,Morning Rush
2024-10-06 08:23:50.984,2024-10-06 08:25:16.954,member,1.4328333333333334,Morning Rush
2024-10-06 08:24:05.141,2024-10-06 08:24:19.573,casual,0.24053333333333335,Morning Rush
2024-10-06 08:25:14.033,2024-10-06 08:29:18.414,member,4.073016666666667,Morning Rush
2024-10-06 08:25:44.898,2024-10-06 08:33:46.541,member,8.027383333333333,Morning Rush
2024-10-06 08:27:23.182,2024-10-06 08:37:30.744,member,10.126033333333334,Morning Rush
2024-10-06 08:27:36.756,2024-10-06 08:31:59.211,casual,4.37425,Morning Rush
2024-10-06 08:28:18.169,2024-10-06 08:31:59.520,member,3.6891833333333333,Morning Rush
2024-10-06 08:30:49.409,2024-10-06 08:37:02.014,casual,6.210083333333333,Morning Rush
2024-10-06 08:35:25.091,2024-10-06 08:39:06.929,casual,3.6973,Morning Rush
2024-10-06 08:36:52.115,2024-10-06 08:46:59.771,member,10.1276,Morning Rush
2024-10-06 08:37:01.679,2024-10-06 08:45:02.584,casual,8.015083333333333,Morning Rush
2024-10-06 08:37:40.547,2024-10-06 08:50:23.585,member,12.7173,Morning Rush
2024-10-06 08:37:42.116,2024-10-06 08:40:25.493,casual,2.72295,Morning Rush
2024-10-06 08:37:47.743,2024-10-06 09:05:21.685,casual,27.5657,Morning Rush
2024-10-06 08:38:07.137,2024-10-06 08:42:56.736,casual,4.82665,Morning Rush
2024-10-06 08:38:55.781,2024-10-06 08:44:10.005,member,5.237066666666666,Morning Rush
2024-10-06 08:39:30.189,2024-10-06 08:54:56.938,member,15.445816666666667,Morning Rush
2024-10-06 08:40:08.339,2024-10-06 08:51:44.089,casual,11.595833333333333,Morning Rush
2024-10-06 08:40:51.151,2024-10-06 08:53:24.878,member,12.562116666666666,Morning Rush
2024-10-06 08:41:22.275,2024-10-06 08:44:43.395,casual,3.352,Morning Rush
2024-10-06 08:43:57.788,2024-10-06 08:46:49.372,member,2.8597333333333332,Morning Rush
2024-10-06 08:44:39.907,2024-10-06 09:13:24.011,casual,28.73506666666667,Morning Rush
2024-10-06 08:45:38.088,2024-10-06 09:03:15.386,casual,17.62163333333333,Morning Rush
2024-10-06 08:46:40.462,2024-10-06 08:58:51.140,member,12.177966666666666,Morning Rush
2024-10-06 08:47:47.406,2024-10-06 08:52:30.653,member,4.720783333333333,Morning Rush
2024-10-06 08:47:59.128,2024-10-06 08:51:39.053,member,3.6654166666666668,Morning Rush
2024-10-06 08:51:29.542,2024-10-06 09:05:43.590,casual,14.234133333333334,Morning Rush
2024-10-06 08:52:20.421,2024-10-06 08:59:24.417,casual,7.066599999999999,Morning Rush
2024-10-06 08:53:54.140,2024-10-06 09:05:55.906,casual,12.029433333333333,Morning Rush
2024-10-06 08:53:55.103,2024-10-06 09:02:17.563,member,8.374333333333333,Morning Rush
2024-10-06 08:55:02.994,2024-10-06 09:00:16.143,member,5.21915,Morning Rush
2024-10-06 08:57:21.164,2024-10-06 09:03:38.122,member,6.282633333333334,Morning Rush
2024-10-06 08:59:00.565,2024-10-06 09:21:15.294,casual,22.245483333333333,Morning Rush
2024-10-06 08:59:09.408,2024-10-06 09:14:21.031,casual,15.193716666666667,Morning Rush
2024-10-06 08:59:15.240,2024-10-06 09:02:06.972,casual,2.8622,Morning Rush
2024-10-06 08:59:28.686,2024-10-06 09:06:44.314,casual,7.260466666666667,Morning Rush
2024-10-06 09:00:12.488,2024-10-06 09:14:38.682,member,14.436566666666666,Morning Rush
2024-10-06 09:00:21.674,2024-10-06 09:14:04.970,casual,13.7216,Morning Rush
2024-10-06 09:00:49.115,2024-10-06 09:02:52.257,casual,2.0523666666666665,Morning Rush
2024-10-06 09:01:12.453,2024-10-06 09:13:47.338,member,12.581416666666666,Morning Rush
2024-10-06 09:01:31.668,2024-10-06 09:21:04.832,casual,19.552733333333332,Morning Rush
2024-10-06 09:01:47.727,2024-10-06 09:16:29.765,casual,14.700633333333334,Morning Rush
2024-10-06 09:01:57.716,2024-10-06 09:12:16.791,member,10.317916666666667,Morning Rush
2024-10-06 09:02:44.958,2024-10-06 09:21:17.249,casual,18.538183333333333,Morning Rush
2024-10-06 09:02:54.768,2024-10-06 09:13:05.630,member,10.181033333333334,Morning Rush
2024-10-06 09:03:59.428,2024-10-06 09:12:42.279,member,8.714183333333333,Morning Rush
2024-10-06 09:05:31.056,2024-10-06 09:15:32.217,member,10.01935,Morning Rush
2024-10-06 09:06:05.929,2024-10-06 09:14:07.086,member,8.019283333333332,Morning Rush
2024-10-06 09:07:11.013,2024-10-06 09:14:58.267,member,7.787566666666667,Morning Rush
2024-10-06 09:07:53.822,2024-10-06 09:22:14.070,member,14.337466666666668,Morning Rush
2024-10-06 09:09:08.239,2024-10-06 10:22:11.409,casual,73.05283333333334,Morning Rush
2024-10-06 09:09:41.099,2024-10-06 09:11:03.502,casual,1.3733833333333334,Morning Rush
2024-10-06 09:10:44.771,2024-10-06 09:24:17.113,member,13.539033333333332,Morning Rush
2024-10-06 09:12:17.527,2024-10-06 09:52:27.749,casual,40.17036666666667,Morning Rush
2024-10-06 09:12:17.892,2024-10-06 09:23:38.099,casual,11.336783333333333,Morning Rush
2024-10-06 09:13:23.774,2024-10-06 09:16:21.669,casual,2.964916666666667,Morning Rush
2024-10-06 09:14:32.715,2024-10-06 09:21:29.114,member,6.939983333333333,Morning Rush
2024-10-06 09:15:36.826,2024-10-06 09:34:06.121,casual,18.48825,Morning Rush
2024-10-06 09:21:25.863,2024-10-06 09:35:41.942,member,14.267983333333332,Morning Rush
2024-10-06 09:22:01.585,2024-10-06 09:52:52.150,member,30.842750000000002,Morning Rush
2024-10-06 09:22:11.528,2024-10-06 09:25:06.465,member,2.9156166666666667,Morning Rush
2024-10-06 09:26:45.696,2024-10-06 09:41:19.989,casual,14.57155,Morning Rush
2024-10-06 09:26:55.936,2024-10-06 10:11:23.116,casual,44.452999999999996,Morning Rush
2024-10-06 09:27:03.271,2024-10-06 09:42:17.390,member,15.235316666666668,Morning Rush
2024-10-06 09:29:17.523,2024-10-06 09:45:04.155,casual,15.777199999999999,Morning Rush
2024-10-06 09:29:26.426,2024-10-06 09:39:43.095,casual,10.277816666666666,Morning Rush
2024-10-06 09:29:26.612,2024-10-06 09:32:11.747,member,2.7522499999999996,Morning Rush
2024-10-06 09:31:25.904,2024-10-06 09:39:45.182,casual,8.3213,Morning Rush
2024-10-06 09:33:00.858,2024-10-06 09:51:23.771,casual,18.381883333333334,Morning Rush
2024-10-06 09:33:20.337,2024-10-06 10:21:29.691,member,48.155899999999995,Morning Rush
2024-10-06 09:34:57.176,2024-10-06 10:08:30.450,casual,33.554566666666666,Morning Rush
2024-10-06 09:35:46.620,2024-10-06 09:43:16.034,member,7.490233333333333,Morning Rush
2024-10-06 09:35:54.161,2024-10-06 09:38:38.302,member,2.7356833333333332,Morning Rush
2024-10-06 09:36:17.020,2024-10-06 09:51:54.427,member,15.62345,Morning Rush
2024-10-06 09:36:40.949,2024-10-06 09:57:49.960,casual,21.150183333333334,Morning Rush
2024-10-06 09:37:56.676,2024-10-06 09:46:17.435,casual,8.345983333333333,Morning Rush
2024-10-06 09:38:09.332,2024-10-06 10:14:57.010,casual,36.79463333333333,Morning Rush
2024-10-06 09:38:09.926,2024-10-06 09:59:48.332,member,21.6401,Morning Rush
2024-10-06 09:38:48.002,2024-10-06 09:47:07.703,casual,8.32835,Morning Rush
2024-10-06 09:39:00.265,2024-10-06 10:05:12.104,member,26.197316666666666,Morning Rush
2024-10-06 09:40:09.062,2024-10-06 10:29:26.428,casual,49.289433333333335,Morning Rush
2024-10-06 09:40:52.475,2024-10-06 09:44:36.829,member,3.7392333333333334,Morning Rush
2024-10-06 09:41:04.166,2024-10-06 09:51:16.036,member,10.197833333333334,Morning Rush
2024-10-06 09:41:42.972,2024-10-06 09:46:15.989,member,4.550283333333334,Morning Rush
2024-10-06 09:42:13.311,2024-10-06 09:44:58.173,member,2.7477,Morning Rush
2024-10-06 09:42:20.529,2024-10-06 09:47:36.701,member,5.269533333333333,Morning Rush
2024-10-06 09:42:22.866,2024-10-06 10:07:21.065,member,24.969983333333335,Morning Rush
2024-10-06 09:42:24.576,2024-10-06 10:02:18.012,casual,19.8906,Morning Rush
2024-10-06 09:43:03.175,2024-10-06 09:47:25.414,member,4.3706499999999995,Morning Rush
2024-10-06 09:43:29.861,2024-10-06 09:54:05.917,member,10.600933333333334,Morning Rush
2024-10-06 09:44:03.043,2024-10-06 09:55:34.173,member,11.518833333333333,Morning Rush
2024-10-06 09:44:48.878,2024-10-06 09:53:27.939,member,8.651016666666667,Morning Rush
2024-10-06 09:45:14.766,2024-10-06 09:55:04.701,member,9.832249999999998,Morning Rush
2024-10-06 09:47:07.199,2024-10-06 10:06:00.947,member,18.8958,Morning Rush
2024-10-06 09:47:38.155,2024-10-06 09:56:38.198,member,9.000716666666667,Morning Rush
2024-10-06 09:47:54.159,2024-10-06 10:23:23.673,member,35.4919,Morning Rush
2024-10-06 09:49:12.127,2024-10-06 09:55:39.654,casual,6.458783333333333,Morning Rush
2024-10-06 09:51:39.316,2024-10-06 10:04:17.057,casual,12.629016666666667,Morning Rush
2024-10-06 09:51:56.211,2024-10-06 10:10:07.143,casual,18.1822,Morning Rush
2024-10-06 09:52:15.904,2024-10-06 10:14:22.695,member,22.113183333333332,Morning Rush
2024-10-06 09:53:19.491,2024-10-06 10:08:22.264,member,15.046216666666668,Morning Rush
2024-10-06 09:54:46.630,2024-10-06 10:01:08.341,casual,6.3618500000000004,Morning Rush
2024-10-06 09:55:34.892,2024-10-06 10:20:08.202,casual,24.555166666666665,Morning Rush
2024-10-06 09:56:00.155,2024-10-06 10:01:36.829,member,5.611233333333333,Morning Rush
2024-10-06 09:56:23.511,2024-10-06 10:05:02.270,casual,8.645983333333334,Morning Rush
2024-10-06 09:56:42.939,2024-10-06 10:02:18.787,member,5.597466666666667,Morning Rush
2024-10-06 09:57:43.222,2024-10-06 10:06:19.471,casual,8.60415,Morning Rush
2024-10-06 09:58:04.496,2024-10-06 10:05:48.341,member,7.7307500000000005,Morning Rush
2024-10-06 09:58:22.746,2024-10-06 10:00:50.829,member,2.46805,Morning Rush
2024-10-06 09:58:32.464,2024-10-06 10:27:07.642,casual,28.5863,Morning Rush
2024-10-06 09:58:44.111,2024-10-06 10:19:21.974,casual,20.631050000000002,Morning Rush
2024-10-06 10:00:19.221,2024-10-06 10:22:35.704,casual,22.274716666666666,Midday
2024-10-06 10:00:45.729,2024-10-06 10:04:16.756,member,3.5171166666666664,Midday
2024-10-06 10:01:15.067,2024-10-06 10:07:03.537,casual,5.807833333333334,Midday
2024-10-06 10:01:28.618,2024-10-06 10:13:46.197,casual,12.292983333333332,Midday
2024-10-06 10:02:05.901,2024-10-06 10:05:05.985,member,3.0014,Midday
2024-10-06 10:02:14.020,2024-10-06 10:23:04.786,casual,20.8461,Midday
2024-10-06 10:02:16.086,2024-10-06 10:23:59.576,member,21.724833333333333,Midday
2024-10-06 10:03:03.338,2024-10-06 10:03:08.110,member,0.07953333333333333,Midday
2024-10-06 10:04:36.620,2024-10-06 10:13:50.900,member,9.238,Midday
2024-10-06 10:06:11.065,2024-10-06 10:30:59.129,casual,24.801066666666667,Midday
2024-10-06 10:07:18.564,2024-10-06 10:16:10.989,casual,8.87375,Midday
2024-10-06 10:07:25.455,2024-10-06 10:26:24.164,casual,18.978483333333333,Midday
2024-10-06 10:08:03.929,2024-10-06 10:21:56.828,member,13.88165,Midday
2024-10-06 10:08:09.304,2024-10-06 10:48:09.182,casual,39.99796666666667,Midday
2024-10-06 10:08:55.373,2024-10-06 10:12:37.756,casual,3.7063833333333336,Midday
2024-10-06 10:09:03.678,2024-10-06 11:37:02.119,casual,87.97401666666666,Midday
2024-10-06 10:09:37.886,2024-10-06 10:24:35.523,casual,14.960616666666665,Midday
2024-10-06 10:09:48.615,2024-10-06 10:13:14.817,member,3.4367,Midday
2024-10-06 10:11:36.290,2024-10-06 10:17:09.340,member,5.550833333333333,Midday
2024-10-06 10:11:49.124,2024-10-06 10:46:32.630,casual,34.7251,Midday
2024-10-06 10:12:36.542,2024-10-06 10:33:06.918,member,20.506266666666665,Midday
2024-10-06 10:14:55.361,2024-10-06 10:19:28.201,member,4.547333333333333,Midday
2024-10-06 10:15:01.835,2024-10-06 10:27:21.712,member,12.331283333333333,Midday
2024-10-06 10:15:17.019,2024-10-06 10:28:18.802,casual,13.029716666666667,Midday
2024-10-06 10:16:47.300,2024-10-06 10:19:08.814,member,2.358566666666667,Midday
2024-10-06 10:17:47.709,2024-10-06 10:30:01.581,member,12.2312,Midday
2024-10-06 10:17:54.409,2024-10-06 10:48:41.699,casual,30.788166666666665,Midday
2024-10-06 10:19:01.030,2024-10-06 10:29:16.650,member,10.260333333333334,Midday
2024-10-06 10:19:20.367,2024-10-06 10:28:00.981,member,8.6769,Midday
2024-10-06 10:19:54.080,2024-10-06 10:41:12.103,member,21.300383333333333,Midday
2024-10-06 10:20:14.258,2024-10-06 10:50:13.767,member,29.99181666666667,Midday
2024-10-06 10:20:15.334,2024-10-06 10:31:00.792,casual,10.757633333333333,Midday
2024-10-06 10:21:46.681,2024-10-06 10:30:57.392,casual,9.178516666666667,Midday
2024-10-06 10:22:20.723,2024-10-06 11:04:26.830,casual,42.10178333333333,Midday
2024-10-06 10:22:22.731,2024-10-06 10:42:44.062,member,20.355516666666666,Midday
2024-10-06 10:22:47.040,2024-10-06 10:30:17.573,member,7.508883333333333,Midday
2024-10-06 10:22:48.273,2024-10-06 10:47:09.771,casual,24.3583,Midday
2024-10-06 10:23:05.174,2024-10-06 10:37:27.795,member,14.377016666666666,Midday
2024-10-06 10:24:00.697,2024-10-06 10:33:25.300,member,9.41005,Midday
2024-10-06 10:24:56.765,2024-10-06 10:51:01.292,member,26.07545,Midday
2024-10-06 10:24:58.900,2024-10-06 10:29:00.695,member,4.029916666666667,Midday
2024-10-06 10:27:03.728,2024-10-06 10:42:40.669,casual,15.615683333333333,Midday
2024-10-06 10:27:07.181,2024-10-06 10:41:22.008,member,14.247116666666667,Midday
2024-10-06 10:27:29.738,2024-10-06 10:48:41.152,casual,21.19023333333333,Midday
2024-10-06 10:28:29.006,2024-10-06 10:54:46.856,casual,26.2975,Midday
2024-10-06 10:28:29.217,2024-10-06 10:38:51.516,casual,10.371649999999999,Midday
2024-10-06 10:29:08.331,2024-10-06 10:31:34.301,member,2.4328333333333334,Midday
2024-10-06 10:29:14.676,2024-10-06 10:55:17.983,casual,26.055116666666667,Midday
2024-10-06 10:30:04.843,2024-10-06 10:39:04.920,member,9.001283333333333,Midday
2024-10-06 10:31:42.392,2024-10-06 10:41:31.202,member,9.8135,Midday
2024-10-06 10:32:53.145,2024-10-06 10:47:07.939,member,14.246566666666666,Midday
2024-10-06 10:33:26.440,2024-10-06 10:39:18.809,casual,5.872816666666667,Midday
2024-10-06 10:34:17.874,2024-10-06 10:34:38.386,casual,0.34186666666666665,Midday
2024-10-06 10:34:26.465,2024-10-06 10:52:15.406,casual,17.815683333333332,Midday
2024-10-06 10:35:32.330,2024-10-06 11:00:01.449,casual,24.485316666666666,Midday
2024-10-06 10:36:21.681,2024-10-06 11:15:29.591,casual,39.13183333333333,Midday
2024-10-06 10:36:28.638,2024-10-06 10:40:52.527,casual,4.39815,Midday
2024-10-06 10:37:41.718,2024-10-06 11:05:40.217,casual,27.974983333333334,Midday
2024-10-06 10:37:53.918,2024-10-06 10:42:37.656,member,4.7289666666666665,Midday
2024-10-06 10:37:59.797,2024-10-06 10:40:35.846,member,2.6008166666666668,Midday
2024-10-06 10:38:00.990,2024-10-06 11:00:59.534,casual,22.975733333333334,Midday
2024-10-06 10:38:12.036,2024-10-06 10:42:20.979,member,4.14905,Midday
2024-10-06 10:38:50.322,2024-10-06 10:50:08.655,member,11.30555,Midday
2024-10-06 10:39:19.306,2024-10-06 10:52:30.684,casual,13.189633333333335,Midday
2024-10-06 10:39:20.307,2024-10-06 10:43:50.484,casual,4.50295,Midday
2024-10-06 10:40:23.547,2024-10-06 10:55:33.831,member,15.1714,Midday
2024-10-06 10:40:29.072,2024-10-06 10:52:33.447,casual,12.072916666666666,Midday
2024-10-06 10:41:41.633,2024-10-06 10:56:20.733,member,14.651666666666667,Midday
2024-10-06 10:42:44.830,2024-10-06 10:47:09.927,member,4.418283333333333,Midday
2024-10-06 10:43:42.743,2024-10-06 10:58:00.375,casual,14.293866666666666,Midday
2024-10-06 10:43:47.035,2024-10-06 11:03:38.489,casual,19.857566666666667,Midday
2024-10-06 10:44:40.847,2024-10-06 10:55:18.546,member,10.628316666666667,Midday
2024-10-06 10:45:14.988,2024-10-06 11:02:02.362,casual,16.789566666666666,Midday
2024-10-06 10:45:22.610,2024-10-06 10:54:39.004,member,9.273233333333334,Midday
2024-10-06 10:45:26.814,2024-10-06 11:14:55.370,casual,29.475933333333334,Midday
2024-10-06 10:45:54.787,2024-10-06 11:06:55.129,casual,21.0057,Midday
2024-10-06 10:48:32.180,2024-10-06 10:58:02.029,casual,9.497483333333333,Midday
2024-10-06 10:48:55.884,2024-10-06 10:56:52.269,member,7.93975,Midday
2024-10-06 10:50:42.832,2024-10-06 11:34:51.918,member,44.15143333333333,Midday
2024-10-06 10:51:13.512,2024-10-06 11:02:01.314,member,10.7967,Midday
2024-10-06 10:51:52.642,2024-10-06 10:56:36.584,casual,4.732366666666667,Midday
2024-10-06 10:51:53.216,2024-10-06 11:11:02.484,casual,19.154466666666668,Midday
2024-10-06 10:52:02.472,2024-10-06 11:06:27.810,casual,14.4223,Midday
2024-10-06 10:52:20.235,2024-10-06 11:10:22.387,casual,18.035866666666667,Midday
2024-10-06 10:52:21.626,2024-10-06 10:58:47.705,member,6.43465,Midday
2024-10-06 10:52:43.376,2024-10-06 11:10:31.034,member,17.7943,Midday
2024-10-06 10:52:52.160,2024-10-06 10:56:45.575,member,3.89025,Midday
2024-10-06 10:53:27.342,2024-10-06 11:35:20.096,casual,41.87923333333333,Midday
2024-10-06 10:53:35.268,2024-10-06 11:10:48.724,member,17.224266666666665,Midday
2024-10-06 10:54:17.662,2024-10-06 11:05:30.499,casual,11.21395,Midday
2024-10-06 10:54:20.774,2024-10-06 11:07:42.766,casual,13.366533333333333,Midday
2024-10-06 10:55:09.896,2024-10-06 11:08:28.268,casual,13.306199999999999,Midday
2024-10-06 10:55:55.708,2024-10-06 11:02:06.537,casual,6.180483333333333,Midday
2024-10-06 10:57:03.053,2024-10-06 11:23:25.224,casual,26.369516666666666,Midday
2024-10-06 10:57:14.595,2024-10-06 11:08:01.668,casual,10.78455,Midday
2024-10-06 10:57:24.594,2024-10-06 11:09:30.650,member,12.100933333333334,Midday
2024-10-06 10:57:33.418,2024-10-06 10:59:46.630,member,2.2201999999999997,Midday
2024-10-06 10:57:36.689,2024-10-06 11:13:26.489,casual,15.83,Midday
2024-10-06 10:57:41.795,2024-10-06 11:20:37.446,member,22.92751666666667,Midday
2024-10-06 10:59:01.327,2024-10-06 11:53:37.246,member,54.59865,Midday
2024-10-06 10:59:30.083,2024-10-06 11:14:04.629,member,14.575766666666668,Midday
2024-10-06 11:00:08.213,2024-10-06 11:06:18.550,member,6.172283333333334,Midday
2024-10-06 11:00:11.864,2024-10-06 11:06:29.651,member,6.296449999999999,Midday
2024-10-06 11:00:34.892,2024-10-06 11:04:23.506,member,3.8102333333333336,Midday
2024-10-06 11:01:44.539,2024-10-06 12:39:24.427,casual,97.6648,Midday
2024-10-06 11:02:18.605,2024-10-06 11:13:00.246,member,10.694016666666666,Midday
2024-10-06 11:02:52.221,2024-10-06 11:06:06.376,member,3.2359166666666668,Midday
2024-10-06 11:02:52.480,2024-10-06 11:14:39.296,member,11.780266666666668,Midday
2024-10-06 11:02:53.445,2024-10-06 11:14:47.539,casual,11.901566666666668,Midday
2024-10-06 11:03:15.167,2024-10-06 11:23:02.069,casual,19.7817,Midday
2024-10-06 11:03:42.704,2024-10-06 11:28:20.053,member,24.62248333333333,Midday
2024-10-06 11:04:11.160,2024-10-06 11:20:05.769,member,15.91015,Midday
2024-10-06 11:04:18.267,2024-10-06 11:29:03.211,casual,24.749066666666668,Midday
2024-10-06 11:04:38.173,2024-10-06 11:21:33.304,member,16.91885,Midday
2024-10-06 11:04:44.006,2024-10-06 11:21:47.448,casual,17.057366666666667,Midday
2024-10-06 11:05:12.623,2024-10-06 11:28:52.653,member,23.667166666666667,Midday
2024-10-06 11:06:01.648,2024-10-06 11:09:33.398,member,3.529166666666667,Midday
2024-10-06 11:06:34.693,2024-10-06 11:18:09.543,member,11.580833333333334,Midday
2024-10-06 11:06:36.096,2024-10-06 11:09:56.461,casual,3.3394166666666667,Midday
2024-10-06 11:07:32.479,2024-10-06 11:08:02.403,member,0.4987333333333333,Midday
2024-10-06 11:07:43.730,2024-10-06 11:15:57.078,member,8.222466666666667,Midday
2024-10-06 11:09:10.941,2024-10-06 11:09:41.183,member,0.5040333333333333,Midday
2024-10-06 11:09:22.464,2024-10-06 11:13:02.442,member,3.6663,Midday
2024-10-06 11:09:45.553,2024-10-06 11:16:31.613,member,6.767666666666667,Midday
2024-10-06 11:09:55.884,2024-10-06 11:22:51.759,casual,12.93125,Midday
2024-10-06 11:11:06.329,2024-10-06 11:16:05.283,casual,4.982566666666667,Midday
2024-10-06 11:11:50.409,2024-10-06 11:16:09.236,member,4.313783333333333,Midday
2024-10-06 11:12:09.347,2024-10-06 11:28:08.234,casual,15.981449999999999,Midday
2024-10-06 11:12:09.876,2024-10-06 11:28:22.978,member,16.218366666666665,Midday
2024-10-06 11:12:47.095,2024-10-06 11:18:10.029,member,5.382233333333334,Midday
2024-10-06 11:13:24.192,2024-10-06 11:22:13.871,member,8.827983333333332,Midday
2024-10-06 11:14:15.097,2024-10-06 11:25:48.478,member,11.55635,Midday
2024-10-06 11:15:06.114,2024-10-06 11:32:40.844,member,17.578833333333332,Midday
2024-10-06 11:15:37.825,2024-10-06 11:23:58.460,casual,8.343916666666667,Midday
2024-10-06 11:16:12.390,2024-10-06 11:24:20.994,member,8.1434,Midday
2024-10-06 11:16:16.347,2024-10-06 11:20:14.362,member,3.9669166666666666,Midday
2024-10-06 11:16:38.364,2024-10-06 11:32:53.861,casual,16.25828333333333,Midday
2024-10-06 11:16:47.722,2024-10-06 11:22:14.337,member,5.443583333333334,Midday
2024-10-06 11:17:35.638,2024-10-06 11:19:51.189,member,2.259183333333333,Midday
2024-10-06 11:18:13.083,2024-10-06 11:35:05.152,member,16.867816666666666,Midday
2024-10-06 11:18:20.199,2024-10-06 11:38:06.696,member,19.77495,Midday
2024-10-06 11:18:24.097,2024-10-06 11:28:15.093,casual,9.849933333333333,Midday
2024-10-06 11:19:02.449,2024-10-06 11:25:45.426,member,6.716283333333333,Midday
2024-10-06 11:19:52.992,2024-10-06 11:25:08.659,member,5.261116666666666,Midday
2024-10-06 11:20:42.958,2024-10-06 11:30:16.534,casual,9.5596,Midday
2024-10-06 11:24:03.805,2024-10-06 11:34:23.385,member,10.326333333333334,Midday
2024-10-06 11:24:37.273,2024-10-06 11:49:24.592,casual,24.78865,Midday
2024-10-06 11:24:50.982,2024-10-06 11:37:23.403,casual,12.54035,Midday
2024-10-06 11:24:59.583,2024-10-06 11:25:31.902,casual,0.5386500000000001,Midday
2024-10-06 11:24:59.736,2024-10-06 11:44:40.857,casual,19.685350000000003,Midday
2024-10-06 11:25:59.529,2024-10-06 11:33:39.333,member,7.663399999999999,Midday
2024-10-06 11:26:45.187,2024-10-06 11:37:54.237,member,11.150833333333333,Midday
2024-10-06 11:27:23.879,2024-10-06 11:33:35.796,member,6.198616666666666,Midday
2024-10-06 11:28:28.106,2024-10-06 11:44:40.533,member,16.207116666666668,Midday
2024-10-06 11:28:30.344,2024-10-06 11:42:53.898,member,14.392566666666665,Midday
2024-10-06 11:28:33.972,2024-10-06 11:31:48.135,member,3.23605,Midday
2024-10-06 11:29:22.183,2024-10-06 11:38:54.898,casual,9.545250000000001,Midday
2024-10-06 11:29:31.710,2024-10-06 11:50:27.850,member,20.93566666666667,Midday
2024-10-06 11:30:26.118,2024-10-06 12:11:18.504,casual,40.8731,Midday
2024-10-06 11:31:05.122,2024-10-06 11:50:06.363,member,19.020683333333334,Midday
2024-10-06 11:31:13.534,2024-10-06 11:38:36.079,member,7.37575,Midday
2024-10-06 11:32:29.354,2024-10-06 11:35:54.415,member,3.4176833333333336,Midday
2024-10-06 11:32:57.346,2024-10-06 11:42:44.669,member,9.788716666666666,Midday
2024-10-06 11:32:58.115,2024-10-06 12:49:24.813,casual,76.44496666666667,Midday
2024-10-06 11:34:26.934,2024-10-06 12:05:28.248,member,31.021900000000002,Midday
2024-10-06 11:34:45.600,2024-10-06 12:00:28.109,member,25.708483333333334,Midday
2024-10-06 11:35:01.959,2024-10-06 11:39:24.284,member,4.372083333333333,Midday
2024-10-06 11:36:26.060,2024-10-06 11:48:47.596,casual,12.358933333333333,Midday
2024-10-06 11:37:54.633,2024-10-06 11:54:19.978,member,16.422416666666667,Midday
2024-10-06 11:38:07.081,2024-10-06 11:44:05.613,member,5.975533333333333,Midday
2024-10-06 11:38:28.938,2024-10-06 11:52:54.469,member,14.425516666666665,Midday
2024-10-06 11:38:39.955,2024-10-06 11:45:27.427,member,6.7912,Midday
2024-10-06 11:39:40.449,2024-10-06 12:33:23.482,casual,53.717216666666666,Midday
2024-10-06 11:39:49.445,2024-10-06 11:47:05.768,member,7.272049999999999,Midday
2024-10-06 11:39:53.954,2024-10-06 11:46:26.170,member,6.536933333333334,Midday
2024-10-06 11:40:05.342,2024-10-06 12:14:41.083,member,34.595683333333334,Midday
2024-10-06 11:40:06.064,2024-10-06 11:54:07.535,member,14.024516666666667,Midday
2024-10-06 11:40:09.152,2024-10-06 11:40:36.132,casual,0.44966666666666666,Midday
2024-10-06 11:40:17.238,2024-10-06 12:36:08.021,casual,55.84638333333333,Midday
2024-10-06 11:41:10.356,2024-10-06 12:02:58.653,member,21.80495,Midday
2024-10-06 11:41:22.519,2024-10-06 11:49:09.486,casual,7.782783333333333,Midday
2024-10-06 11:41:25.075,2024-10-06 11:59:22.628,casual,17.95921666666667,Midday
2024-10-06 11:41:27.337,2024-10-06 11:58:17.840,member,16.841716666666667,Midday
2024-10-06 11:42:27.677,2024-10-06 11:50:09.251,member,7.6929,Midday
2024-10-06 11:42:33.832,2024-10-06 12:00:56.858,member,18.383766666666666,Midday
2024-10-06 11:42:44.609,2024-10-06 11:48:35.585,casual,5.8496,Midday
2024-10-06 11:42:58.028,2024-10-06 11:49:20.802,member,6.379566666666666,Midday
2024-10-06 11:43:00.291,2024-10-06 11:51:39.058,casual,8.646116666666668,Midday
2024-10-06 11:43:02.146,2024-10-06 11:47:42.361,casual,4.670249999999999,Midday
2024-10-06 11:43:43.008,2024-10-06 11:49:04.630,casual,5.360366666666667,Midday
2024-10-06 11:44:28.293,2024-10-06 11:58:24.977,member,13.944733333333334,Midday
2024-10-06 11:44:33.764,2024-10-06 11:55:03.027,casual,10.487716666666667,Midday
2024-10-06 11:45:04.468,2024-10-06 11:59:39.822,member,14.589233333333334,Midday
2024-10-06 11:45:12.566,2024-10-06 11:51:57.455,member,6.74815,Midday
2024-10-06 11:45:14.126,2024-10-06 11:53:16.258,casual,8.035533333333333,Midday
2024-10-06 11:46:07.140,2024-10-06 12:11:35.779,casual,25.477316666666663,Midday
2024-10-06 11:46:38.195,2024-10-06 11:58:43.932,casual,12.095616666666666,Midday
2024-10-06 11:47:18.813,2024-10-06 11:58:30.275,casual,11.191033333333333,Midday
2024-10-06 11:47:55.173,2024-10-06 12:29:28.620,member,41.55745,Midday
2024-10-06 11:48:11.553,2024-10-06 11:57:54.904,casual,9.722516666666667,Midday
2024-10-06 11:48:27.203,2024-10-06 11:52:52.471,casual,4.421133333333333,Midday
2024-10-06 11:48:58.440,2024-10-06 11:49:00.563,member,0.035383333333333336,Midday
2024-10-06 11:49:04.475,2024-10-06 11:58:08.675,casual,9.07,Midday
2024-10-06 11:49:30.975,2024-10-06 12:01:55.625,casual,12.410833333333333,Midday
2024-10-06 11:50:25.486,2024-10-06 11:58:41.435,member,8.265816666666668,Midday
2024-10-06 11:50:41.273,2024-10-06 12:05:07.434,member,14.436016666666665,Midday
2024-10-06 11:50:48.719,2024-10-06 12:07:07.579,casual,16.314333333333334,Midday
2024-10-06 11:50:52.055,2024-10-06 12:10:49.421,casual,19.9561,Midday
2024-10-06 11:50:52.594,2024-10-06 12:10:53.800,casual,20.0201,Midday
2024-10-06 11:52:32.257,2024-10-06 12:00:39.900,member,8.127383333333333,Midday
2024-10-06 11:52:59.782,2024-10-06 12:37:26.697,casual,44.44858333333333,Midday
2024-10-06 11:53:51.396,2024-10-06 12:00:59.249,casual,7.130883333333333,Midday
2024-10-06 11:54:39.986,2024-10-06 12:11:12.962,casual,16.5496,Midday
2024-10-06 11:55:06.689,2024-10-06 12:02:44.869,member,7.636333333333334,Midday
2024-10-06 11:56:36.155,2024-10-06 12:03:13.456,casual,6.621683333333333,Midday
2024-10-06 11:56:40.731,2024-10-06 12:05:17.631,casual,8.615,Midday
2024-10-06 11:57:07.309,2024-10-06 12:17:33.449,casual,20.43566666666667,Midday
2024-10-06 11:57:32.630,2024-10-06 13:06:50.641,member,69.30018333333334,Midday
2024-10-06 11:57:41.453,2024-10-06 12:08:14.067,casual,10.543566666666667,Midday
2024-10-06 11:59:21.689,2024-10-06 12:12:23.161,member,13.024533333333332,Midday
2024-10-06 11:59:26.800,2024-10-06 12:09:10.913,casual,9.735216666666668,Midday
2024-10-06 11:59:34.030,2024-10-06 12:21:57.074,member,22.38406666666667,Midday
2024-10-06 12:00:06.245,2024-10-06 12:19:22.926,casual,19.278016666666666,Midday
2024-10-06 12:01:34.128,2024-10-06 12:10:39.030,casual,9.081700000000001,Midday
2024-10-06 12:01:49.018,2024-10-06 12:13:17.106,casual,11.468133333333332,Midday
2024-10-06 12:02:40.863,2024-10-06 12:18:50.491,member,16.160466666666668,Midday
2024-10-06 12:02:45.180,2024-10-06 12:15:31.453,casual,12.771216666666668,Midday
2024-10-06 12:02:54.540,2024-10-06 12:03:53.293,casual,0.9792166666666666,Midday
2024-10-06 12:03:15.692,2024-10-06 12:10:26.385,member,7.178216666666667,Midday
2024-10-06 12:04:04.065,2024-10-06 12:13:56.422,casual,9.872616666666666,Midday
2024-10-06 12:05:46.617,2024-10-06 13:34:43.295,casual,88.94463333333333,Midday
2024-10-06 12:05:58.840,2024-10-06 12:35:33.874,casual,29.583900000000003,Midday
2024-10-06 12:06:15.893,2024-10-06 12:18:54.101,member,12.6368,Midday
2024-10-06 12:06:49.985,2024-10-06 12:23:13.098,member,16.38521666666667,Midday
2024-10-06 12:06:51.263,2024-10-06 12:36:20.853,casual,29.493166666666664,Midday
2024-10-06 12:07:43.989,2024-10-06 12:15:19.583,casual,7.593233333333333,Midday
2024-10-06 12:08:09.064,2024-10-06 12:19:51.213,member,11.702483333333333,Midday
2024-10-06 12:08:52.614,2024-10-06 12:15:58.483,member,7.0978166666666676,Midday
2024-10-06 12:10:30.940,2024-10-06 12:20:41.284,member,10.172400000000001,Midday
2024-10-06 12:10:36.517,2024-10-06 12:26:14.984,member,15.641116666666667,Midday
2024-10-06 12:10:50.348,2024-10-06 12:19:00.379,casual,8.167183333333334,Midday
2024-10-06 12:11:13.782,2024-10-06 12:31:56.572,member,20.713166666666666,Midday
2024-10-06 12:11:59.765,2024-10-06 12:43:14.601,member,31.24726666666667,Midday
2024-10-06 12:12:36.122,2024-10-06 12:27:54.964,casual,15.314033333333333,Midday
2024-10-06 12:13:01.091,2024-10-06 12:29:42.339,member,16.68746666666667,Midday
2024-10-06 12:13:01.491,2024-10-06 12:22:28.507,member,9.450266666666666,Midday
2024-10-06 12:13:58.505,2024-10-06 12:36:13.945,member,22.257333333333335,Midday
2024-10-06 12:14:34.815,2024-10-06 12:32:20.305,casual,17.758166666666668,Midday
2024-10-06 12:14:48.698,2024-10-06 12:23:53.838,casual,9.085666666666667,Midday
2024-10-06 12:16:01.568,2024-10-06 12:36:36.478,casual,20.581833333333336,Midday
2024-10-06 12:16:08.068,2024-10-06 12:45:15.611,casual,29.125716666666666,Midday
2024-10-06 12:17:35.989,2024-10-06 12:25:32.993,member,7.950066666666667,Midday
2024-10-06 12:17:49.476,2024-10-06 12:23:51.015,member,6.02565,Midday
2024-10-06 12:17:59.569,2024-10-06 13:19:37.537,casual,61.632799999999996,Midday
2024-10-06 12:18:07.509,2024-10-06 12:23:46.458,member,5.649150000000001,Midday
2024-10-06 12:19:15.306,2024-10-06 12:33:56.453,member,14.685783333333335,Midday
2024-10-06 12:20:11.209,2024-10-06 12:38:38.665,casual,18.4576,Midday
2024-10-06 12:20:14.567,2024-10-06 13:39:35.629,casual,79.35103333333333,Midday
2024-10-06 12:21:29.659,2024-10-06 12:41:08.832,casual,19.65288333333333,Midday
2024-10-06 12:21:33.078,2024-10-06 12:24:25.093,member,2.8669166666666666,Midday
2024-10-06 12:21:56.146,2024-10-06 13:25:59.845,member,64.06165,Midday
2024-10-06 12:23:03.509,2024-10-06 12:34:49.033,member,11.758733333333334,Midday
2024-10-06 12:23:34.909,2024-10-06 12:24:26.182,member,0.85455,Midday
2024-10-06 12:24:18.976,2024-10-06 12:37:21.003,casual,13.033783333333334,Midday
2024-10-06 12:24:20.093,2024-10-06 13:24:40.557,casual,60.34106666666666,Midday
2024-10-06 12:24:45.676,2024-10-06 12:31:56.027,member,7.172516666666667,Midday
2024-10-06 12:24:46.058,2024-10-06 12:34:26.126,casual,9.6678,Midday
2024-10-06 12:25:00.902,2024-10-06 12:39:00.748,casual,13.997433333333333,Midday
2024-10-06 12:25:01.761,2024-10-06 12:31:52.201,member,6.8406666666666665,Midday
2024-10-06 12:25:12.336,2024-10-06 12:30:38.121,member,5.42975,Midday
2024-10-06 12:27:12.047,2024-10-06 12:30:53.201,member,3.6858999999999997,Midday
2024-10-06 12:27:20.643,2024-10-06 12:32:26.831,casual,5.103133333333333,Midday
2024-10-06 12:27:41.576,2024-10-06 12:37:15.217,member,9.560683333333333,Midday
2024-10-06 12:28:15.519,2024-10-06 12:34:08.688,casual,5.88615,Midday
2024-10-06 12:28:20.454,2024-10-06 12:31:13.014,member,2.876,Midday
2024-10-06 12:32:14.140,2024-10-06 12:47:37.162,casual,15.383700000000001,Midday
2024-10-06 12:32:18.344,2024-10-06 13:07:18.946,casual,35.01003333333333,Midday
2024-10-06 12:32:38.833,2024-10-06 13:17:27.445,casual,44.8102,Midday
2024-10-06 12:32:50.788,2024-10-06 12:49:53.090,casual,17.03836666666667,Midday
2024-10-06 12:32:56.149,2024-10-06 12:40:18.764,member,7.376916666666667,Midday
2024-10-06 12:33:59.874,2024-10-06 13:28:28.374,casual,54.475,Midday
2024-10-06 12:34:12.809,2024-10-06 13:26:10.112,casual,51.95505,Midday
2024-10-06 12:34:14.995,2024-10-06 12:40:13.594,casual,5.97665,Midday
2024-10-06 12:34:42.865,2024-10-06 13:12:56.482,casual,38.22695,Midday
2024-10-06 12:34:58.416,2024-10-06 13:51:16.468,casual,76.30086666666666,Midday
2024-10-06 12:35:54.082,2024-10-06 12:47:48.650,member,11.909466666666667,Midday
2024-10-06 12:35:59.772,2024-10-06 12:47:11.509,casual,11.195616666666666,Midday
2024-10-06 12:36:47.348,2024-10-06 12:53:47.943,member,17.009916666666665,Midday
2024-10-06 12:36:52.604,2024-10-06 12:46:03.610,member,9.183433333333333,Midday
2024-10-06 12:36:57.172,2024-10-06 12:51:49.393,member,14.87035,Midday
2024-10-06 12:37:25.179,2024-10-06 12:53:34.296,member,16.15195,Midday
2024-10-06 12:37:43.247,2024-10-06 12:48:55.510,member,11.204383333333334,Midday
2024-10-06 12:38:12.127,2024-10-06 12:45:42.806,member,7.511316666666667,Midday
2024-10-06 12:38:37.197,2024-10-06 13:43:48.867,casual,65.1945,Midday
2024-10-06 12:38:38.093,2024-10-06 12:54:59.153,casual,16.351,Midday
2024-10-06 12:38:48.560,2024-10-06 12:53:44.650,member,14.934833333333334,Midday
2024-10-06 12:38:50.530,2024-10-06 12:43:39.626,casual,4.818266666666667,Midday
2024-10-06 12:38:55.672,2024-10-06 12:53:37.619,casual,14.699116666666667,Midday
2024-10-06 12:39:09.075,2024-10-06 14:25:28.349,member,106.32123333333334,Midday
2024-10-06 12:39:12.143,2024-10-06 12:45:28.442,member,6.271649999999999,Midday
2024-10-06 12:40:26.296,2024-10-06 12:40:44.098,casual,0.2967,Midday
2024-10-06 12:40:44.048,2024-10-06 12:46:49.461,member,6.090216666666667,Midday
2024-10-06 12:40:44.384,2024-10-06 12:52:29.742,member,11.755966666666666,Midday
2024-10-06 12:41:22.921,2024-10-06 12:53:13.022,member,11.835016666666666,Midday
2024-10-06 12:41:37.077,2024-10-06 12:59:00.649,casual,17.392866666666666,Midday
2024-10-06 12:41:58.920,2024-10-06 12:53:01.584,member,11.0444,Midday
2024-10-06 12:43:04.661,2024-10-06 13:14:21.440,casual,31.27965,Midday
2024-10-06 12:43:22.419,2024-10-06 12:51:42.976,member,8.342616666666666,Midday
2024-10-06 12:43:55.188,2024-10-06 13:05:44.937,casual,21.829150000000002,Midday
2024-10-06 12:44:38.156,2024-10-06 12:57:04.250,member,12.4349,Midday
2024-10-06 12:44:43.349,2024-10-06 12:54:24.470,member,9.68535,Midday
2024-10-06 12:44:54.252,2024-10-06 12:48:46.942,member,3.8781666666666665,Midday
2024-10-06 12:46:16.764,2024-10-06 13:04:24.375,casual,18.12685,Midday
2024-10-06 12:46:35.653,2024-10-06 12:55:49.694,casual,9.234016666666667,Midday
2024-10-06 12:46:43.388,2024-10-06 12:58:51.586,member,12.136633333333332,Midday
2024-10-06 12:46:46.865,2024-10-06 13:18:09.347,member,31.3747,Midday
2024-10-06 12:46:48.587,2024-10-06 12:46:57.527,casual,0.149,Midday
2024-10-06 12:47:01.220,2024-10-06 13:29:29.337,member,42.46861666666667,Midday
2024-10-06 12:47:08.078,2024-10-06 12:47:18.796,casual,0.17863333333333334,Midday
2024-10-06 12:47:11.434,2024-10-06 13:03:32.784,casual,16.355833333333333,Midday
2024-10-06 12:47:41.481,2024-10-06 12:54:34.971,member,6.8915,Midday
2024-10-06 12:48:41.727,2024-10-06 13:11:24.769,member,22.717366666666667,Midday
2024-10-06 12:49:23.210,2024-10-06 13:49:01.256,casual,59.6341,Midday
2024-10-06 12:49:58.072,2024-10-06 13:22:29.611,casual,32.52565,Midday
2024-10-06 12:49:58.327,2024-10-06 13:06:32.316,casual,16.566483333333334,Midday
2024-10-06 12:50:33.662,2024-10-06 13:48:56.153,casual,58.37485,Midday
2024-10-06 12:51:07.027,2024-10-06 13:06:29.228,casual,15.370016666666666,Midday
2024-10-06 12:51:09.952,2024-10-06 14:47:22.160,casual,116.20346666666666,Midday
2024-10-06 12:51:45.803,2024-10-06 12:56:21.209,member,4.5901000000000005,Midday
2024-10-06 12:52:29.016,2024-10-06 12:57:13.465,casual,4.7408166666666665,Midday
2024-10-06 12:53:29.761,2024-10-06 13:03:34.008,casual,10.070783333333333,Midday
2024-10-06 12:54:27.006,2024-10-06 13:02:04.871,casual,7.631083333333334,Midday
2024-10-06 12:54:41.872,2024-10-06 13:16:40.347,casual,21.97458333333333,Midday
2024-10-06 12:56:13.738,2024-10-06 13:02:43.466,casual,6.495466666666667,Midday
2024-10-06 12:56:15.308,2024-10-06 12:58:51.237,casual,2.5988166666666666,Midday
2024-10-06 12:56:50.743,2024-10-06 13:07:27.161,member,10.606966666666667,Midday
2024-10-06 12:57:57.936,2024-10-06 13:20:21.506,casual,22.392833333333332,Midday
2024-10-06 12:58:06.737,2024-10-06 13:03:17.090,member,5.17255,Midday
2024-10-06 12:58:19.342,2024-10-06 13:04:33.578,casual,6.237266666666667,Midday
2024-10-06 12:59:01.056,2024-10-06 13:02:47.063,member,3.7667833333333336,Midday
2024-10-06 12:59:11.780,2024-10-06 13:21:18.583,member,22.113383333333335,Midday
2024-10-06 12:59:42.634,2024-10-06 13:07:19.814,member,7.619666666666666,Midday
2024-10-06 12:59:43.952,2024-10-06 13:24:51.259,casual,25.121783333333333,Midday
2024-10-06 13:00:43.923,2024-10-06 13:47:30.607,casual,46.77806666666667,Midday
2024-10-06 13:01:03.894,2024-10-06 13:22:12.785,member,21.148183333333336,Midday
2024-10-06 13:01:21.157,2024-10-06 13:28:41.380,casual,27.337049999999998,Midday
2024-10-06 13:01:45.613,2024-10-06 13:24:34.910,member,22.821616666666667,Midday
2024-10-06 13:02:28.404,2024-10-06 13:07:03.671,member,4.587783333333333,Midday
2024-10-06 13:02:49.861,2024-10-06 13:17:08.075,member,14.303566666666667,Midday
2024-10-06 13:03:15.199,2024-10-06 13:43:21.552,member,40.10588333333333,Midday
2024-10-06 13:03:46.390,2024-10-06 13:08:46.656,member,5.004433333333334,Midday
2024-10-06 13:03:49.063,2024-10-06 13:17:36.089,member,13.783766666666667,Midday
2024-10-06 13:03:56.303,2024-10-06 13:08:16.582,casual,4.337983333333333,Midday
2024-10-06 13:05:43.011,2024-10-06 13:13:18.420,casual,7.5901499999999995,Midday
2024-10-06 13:05:57.456,2024-10-06 13:14:15.954,casual,8.3083,Midday
2024-10-06 13:06:19.854,2024-10-06 13:45:38.730,casual,39.314600000000006,Midday
2024-10-06 13:06:24.600,2024-10-06 13:49:04.850,casual,42.670833333333334,Midday
2024-10-06 13:06:33.511,2024-10-06 13:17:52.160,member,11.310816666666666,Midday
2024-10-06 13:06:41.860,2024-10-06 13:12:43.204,casual,6.0224,Midday
2024-10-06 13:07:25.122,2024-10-06 13:31:07.770,member,23.7108,Midday
2024-10-06 13:07:35.768,2024-10-06 13:23:27.822,casual,15.867566666666667,Midday
2024-10-06 13:07:46.275,2024-10-06 13:21:12.038,member,13.429383333333334,Midday
2024-10-06 13:08:26.407,2024-10-06 13:18:07.057,casual,9.6775,Midday
2024-10-06 13:08:28.237,2024-10-06 13:52:04.621,casual,43.6064,Midday
2024-10-06 13:08:37.930,2024-10-06 13:13:06.340,member,4.4735000000000005,Midday
2024-10-06 13:09:16.850,2024-10-06 13:40:23.883,casual,31.117216666666664,Midday
2024-10-06 13:10:24.947,2024-10-06 13:21:50.827,member,11.431333333333333,Midday
2024-10-06 13:10:26.739,2024-10-06 13:10:48.383,casual,0.3607333333333333,Midday
2024-10-06 13:10:27.762,2024-10-06 13:16:32.660,member,6.0816333333333334,Midday
2024-10-06 13:10:48.340,2024-10-06 13:40:31.005,casual,29.71108333333333,Midday
2024-10-06 13:10:50.820,2024-10-06 13:11:01.885,member,0.18441666666666665,Midday
2024-10-06 13:11:21.647,2024-10-06 13:24:48.180,member,13.442216666666667,Midday
2024-10-06 13:11:40.975,2024-10-06 13:29:49.611,casual,18.143933333333333,Midday
2024-10-06 13:11:57.497,2024-10-06 14:05:07.732,member,53.17058333333333,Midday
2024-10-06 13:12:52.253,2024-10-06 13:15:04.292,member,2.20065,Midday
2024-10-06 13:13:27.101,2024-10-06 13:17:02.295,member,3.5865666666666667,Midday
2024-10-06 13:14:15.157,2024-10-06 13:36:20.384,casual,22.087116666666667,Midday
2024-10-06 13:14:29.496,2024-10-06 13:18:07.342,member,3.6307666666666667,Midday
2024-10-06 13:15:00.118,2024-10-06 13:40:29.204,casual,25.484766666666665,Midday
2024-10-06 13:15:07.431,2024-10-06 13:30:29.823,casual,15.3732,Midday
2024-10-06 13:15:28.994,2024-10-06 13:42:03.210,casual,26.570266666666665,Midday
2024-10-06 13:15:51.566,2024-10-06 13:48:35.292,casual,32.728766666666665,Midday
2024-10-06 13:15:58.494,2024-10-06 13:41:58.979,casual,26.00808333333333,Midday
2024-10-06 13:16:41.895,2024-10-06 13:20:44.670,casual,4.04625,Midday
2024-10-06 13:17:24.896,2024-10-06 13:23:33.691,member,6.146583333333334,Midday
2024-10-06 13:17:29.196,2024-10-06 13:41:33.891,member,24.07825,Midday
2024-10-06 13:17:37.947,2024-10-06 13:26:26.818,member,8.814516666666666,Midday
2024-10-06 13:19:31.150,2024-10-06 13:32:47.950,casual,13.28,Midday
2024-10-06 13:20:56.863,2024-10-06 13:27:24.436,member,6.459549999999999,Midday
2024-10-06 13:20:57.088,2024-10-06 13:55:56.066,casual,34.98296666666667,Midday
2024-10-06 13:21:10.825,2024-10-06 13:46:50.456,casual,25.66051666666667,Midday
2024-10-06 13:21:33.673,2024-10-06 13:30:21.977,member,8.805066666666667,Midday
2024-10-06 13:21:47.083,2024-10-06 13:24:50.826,member,3.0623833333333335,Midday
2024-10-06 13:22:37.934,2024-10-06 13:57:45.493,casual,35.12598333333334,Midday
2024-10-06 13:22:54.334,2024-10-06 13:23:27.619,casual,0.55475,Midday
2024-10-06 13:23:39.018,2024-10-06 13:37:33.627,casual,13.91015,Midday
2024-10-06 13:24:40.955,2024-10-06 13:33:28.082,casual,8.785449999999999,Midday
2024-10-06 13:25:33.585,2024-10-06 13:38:33.611,member,13.000433333333332,Midday
2024-10-06 13:25:39.474,2024-10-06 13:34:28.612,member,8.818966666666666,Midday
2024-10-06 13:25:39.602,2024-10-06 13:37:04.796,casual,11.4199,Midday
2024-10-06 13:26:20.796,2024-10-06 13:59:22.768,casual,33.03286666666666,Midday
2024-10-06 13:27:08.447,2024-10-06 13:46:52.591,casual,19.735733333333332,Midday
2024-10-06 13:28:53.784,2024-10-06 13:45:16.699,casual,16.381916666666665,Midday
2024-10-06 13:29:29.995,2024-10-06 13:36:21.084,member,6.851483333333333,Midday
2024-10-06 13:30:13.244,2024-10-06 13:35:23.700,casual,5.174266666666667,Midday
2024-10-06 13:30:45.312,2024-10-06 13:51:35.088,casual,20.829600000000003,Midday
2024-10-06 13:30:46.918,2024-10-06 14:42:25.993,casual,71.65124999999999,Midday
2024-10-06 13:31:08.182,2024-10-06 13:38:53.057,casual,7.747916666666667,Midday
2024-10-06 13:31:25.902,2024-10-06 13:40:10.195,casual,8.738216666666666,Midday
2024-10-06 13:31:29.816,2024-10-06 14:50:24.263,casual,78.90745,Midday
2024-10-06 13:31:37.116,2024-10-06 14:02:36.513,casual,30.98995,Midday
2024-10-06 13:31:57.632,2024-10-06 13:41:39.844,member,9.703533333333333,Midday
2024-10-06 13:31:58.803,2024-10-06 13:43:47.770,member,11.816116666666666,Midday
2024-10-06 13:32:18.851,2024-10-06 13:39:09.139,member,6.838133333333333,Midday
2024-10-06 13:32:20.757,2024-10-06 13:38:18.086,member,5.9554833333333335,Midday
2024-10-06 13:32:33.686,2024-10-06 13:37:56.244,member,5.375966666666667,Midday
2024-10-06 13:32:56.899,2024-10-06 13:45:54.842,casual,12.965716666666667,Midday
2024-10-06 13:33:25.456,2024-10-06 13:39:37.374,member,6.198633333333333,Midday
2024-10-06 13:33:27.666,2024-10-06 13:41:16.874,casual,7.820133333333334,Midday
2024-10-06 13:33:29.561,2024-10-06 13:39:10.511,member,5.6825,Midday
2024-10-06 13:34:51.080,2024-10-06 13:46:06.448,member,11.256133333333334,Midday
2024-10-06 13:34:51.576,2024-10-06 13:46:10.817,member,11.320683333333333,Midday
2024-10-06 13:35:12.959,2024-10-06 14:24:20.756,casual,49.12995,Midday
2024-10-06 13:35:37.493,2024-10-06 14:03:16.327,member,27.647233333333336,Midday
2024-10-06 13:35:54.348,2024-10-06 13:41:16.282,casual,5.365566666666667,Midday
2024-10-06 13:35:56.303,2024-10-06 13:56:30.761,member,20.5743,Midday
2024-10-06 13:36:01.078,2024-10-06 13:41:20.585,member,5.325116666666667,Midday
2024-10-06 13:36:20.227,2024-10-06 14:18:48.721,casual,42.474900000000005,Midday
2024-10-06 13:36:59.458,2024-10-06 13:44:02.340,casual,7.048033333333334,Midday
2024-10-06 13:37:02.649,2024-10-06 13:44:04.285,casual,7.027266666666667,Midday
2024-10-06 13:37:45.108,2024-10-06 13:43:11.283,member,5.43625,Midday
2024-10-06 13:37:59.474,2024-10-06 13:58:55.133,casual,20.927650000000003,Midday
2024-10-06 13:38:54.825,2024-10-06 13:49:31.609,casual,10.613066666666667,Midday
2024-10-06 13:39:03.389,2024-10-06 13:46:55.395,casual,7.866766666666666,Midday
2024-10-06 13:39:33.154,2024-10-06 13:53:14.991,member,13.697283333333333,Midday
2024-10-06 13:39:48.723,2024-10-06 13:44:26.177,member,4.624233333333334,Midday
2024-10-06 13:40:25.867,2024-10-06 13:44:52.514,member,4.444116666666667,Midday
2024-10-06 13:41:02.587,2024-10-06 13:50:44.411,member,9.697066666666666,Midday
2024-10-06 13:43:38.845,2024-10-06 13:54:49.042,member,11.16995,Midday
2024-10-06 13:46:11.972,2024-10-06 14:17:01.483,casual,30.82518333333333,Midday
2024-10-06 13:46:13.958,2024-10-06 14:10:19.636,member,24.094633333333334,Midday
2024-10-06 13:46:53.229,2024-10-06 13:58:02.375,member,11.152433333333333,Midday
2024-10-06 13:47:20.526,2024-10-06 14:01:07.842,member,13.7886,Midday
2024-10-06 13:47:35.579,2024-10-06 13:51:52.918,member,4.288983333333333,Midday
2024-10-06 13:47:41.604,2024-10-06 14:27:05.168,casual,39.39273333333333,Midday
2024-10-06 13:48:13.013,2024-10-06 13:55:31.449,member,7.307266666666666,Midday
2024-10-06 13:48:32.865,2024-10-06 14:25:02.292,casual,36.49045,Midday
2024-10-06 13:48:43.829,2024-10-06 13:58:09.962,member,9.435550000000001,Midday
2024-10-06 13:48:55.795,2024-10-06 14:02:03.568,casual,13.12955,Midday
2024-10-06 13:49:00.710,2024-10-06 13:52:41.648,casual,3.6822999999999997,Midday
2024-10-06 13:49:19.386,2024-10-06 14:01:29.610,member,12.1704,Midday
2024-10-06 13:49:49.124,2024-10-06 13:55:52.593,casual,6.057816666666667,Midday
2024-10-06 13:49:52.922,2024-10-06 13:53:53.754,member,4.013866666666667,Midday
2024-10-06 13:50:23.315,2024-10-06 14:51:21.251,casual,60.9656,Midday
2024-10-06 13:51:42.641,2024-10-06 14:20:00.648,casual,28.300116666666668,Midday
2024-10-06 13:52:51.153,2024-10-06 14:29:49.557,member,36.9734,Midday
2024-10-06 13:53:11.293,2024-10-06 14:01:59.498,member,8.803416666666667,Midday
2024-10-06 13:53:45.118,2024-10-06 14:05:20.122,casual,11.583400000000001,Midday
2024-10-06 13:53:47.982,2024-10-06 14:00:08.954,casual,6.349533333333333,Midday
2024-10-06 13:53:54.491,2024-10-06 13:56:33.228,casual,2.6456166666666667,Midday
2024-10-06 13:54:05.486,2024-10-06 13:57:59.604,casual,3.9019666666666666,Midday
2024-10-06 13:54:11.007,2024-10-06 13:59:45.291,member,5.5714,Midday
2024-10-06 13:55:10.419,2024-10-06 13:58:56.398,casual,3.766316666666667,Midday
2024-10-06 13:55:18.505,2024-10-06 14:04:24.073,member,9.0928,Midday
2024-10-06 13:56:01.822,2024-10-06 15:33:46.080,casual,97.73763333333333,Midday
2024-10-06 13:56:37.312,2024-10-06 14:13:19.348,member,16.700599999999998,Midday
2024-10-06 13:56:43.331,2024-10-06 14:39:32.115,member,42.81306666666667,Midday
2024-10-06 13:56:46.565,2024-10-06 14:13:31.203,casual,16.74396666666667,Midday
2024-10-06 13:58:49.238,2024-10-06 14:05:01.861,member,6.210383333333334,Midday
2024-10-06 13:58:54.787,2024-10-06 14:01:14.983,member,2.3366,Midday
2024-10-06 13:59:03.544,2024-10-06 14:32:06.694,casual,33.0525,Midday
2024-10-06 13:59:33.233,2024-10-06 14:01:37.478,member,2.07075,Midday
2024-10-06 14:00:11.603,2024-10-06 14:54:57.776,casual,54.769549999999995,Midday
2024-10-06 14:00:31.589,2024-10-06 14:09:13.914,casual,8.705416666666668,Midday
2024-10-06 14:00:44.221,2024-10-06 14:07:34.027,member,6.8301,Midday
2024-10-06 14:00:57.001,2024-10-06 14:04:05.901,casual,3.1483333333333334,Midday
2024-10-06 14:04:03.494,2024-10-06 14:09:12.905,member,5.15685,Midday
2024-10-06 14:04:03.972,2024-10-06 14:14:08.170,casual,10.069966666666666,Midday
2024-10-06 14:04:18.561,2024-10-06 14:09:45.340,member,5.446316666666666,Midday
2024-10-06 14:05:27.558,2024-10-06 14:12:59.871,member,7.53855,Midday
2024-10-06 14:06:05.123,2024-10-06 14:07:28.260,casual,1.3856166666666667,Midday
2024-10-06 14:07:03.065,2024-10-06 14:21:33.648,member,14.509716666666666,Midday
2024-10-06 14:07:04.544,2024-10-06 14:17:16.140,member,10.193266666666666,Midday
2024-10-06 14:07:32.401,2024-10-06 14:32:38.072,member,25.094516666666667,Midday
2024-10-06 14:07:33.133,2024-10-06 14:24:24.566,member,16.857216666666666,Midday
2024-10-06 14:08:12.467,2024-10-06 14:10:51.932,casual,2.65775,Midday
2024-10-06 14:08:14.966,2024-10-06 14:29:31.511,member,21.275750000000002,Midday
2024-10-06 14:08:39.054,2024-10-06 15:02:28.113,member,53.81765,Midday
2024-10-06 14:08:41.523,2024-10-06 14:21:46.276,member,13.079216666666667,Midday
2024-10-06 14:09:19.366,2024-10-06 14:27:55.912,casual,18.6091,Midday
2024-10-06 14:10:09.573,2024-10-06 14:13:12.909,casual,3.0556,Midday
2024-10-06 14:12:05.224,2024-10-06 14:26:33.781,casual,14.475950000000001,Midday
2024-10-06 14:12:32.803,2024-10-06 14:28:33.495,member,16.011533333333333,Midday
2024-10-06 14:13:06.872,2024-10-06 14:24:12.029,member,11.08595,Midday
2024-10-06 14:13:46.549,2024-10-06 14:25:24.376,member,11.63045,Midday
2024-10-06 14:14:05.222,2024-10-06 14:28:59.563,casual,14.905683333333334,Midday
2024-10-06 14:14:15.885,2024-10-06 15:28:21.816,casual,74.09885,Midday
2024-10-06 14:15:24.499,2024-10-06 14:30:07.070,member,14.709516666666667,Midday
2024-10-06 14:15:49.286,2024-10-06 15:06:28.133,casual,50.647450000000006,Midday
2024-10-06 14:15:49.567,2024-10-06 14:19:59.607,member,4.167333333333334,Midday
2024-10-06 14:15:54.273,2024-10-06 14:23:30.128,member,7.597583333333334,Midday
2024-10-06 14:16:51.166,2024-10-06 14:47:13.776,member,30.37683333333333,Midday
2024-10-06 14:17:00.473,2024-10-06 14:30:11.603,member,13.1855,Midday
2024-10-06 14:17:15.958,2024-10-06 14:26:45.824,casual,9.497766666666667,Midday
2024-10-06 14:17:28.516,2024-10-06 15:09:31.041,casual,52.04208333333334,Midday
2024-10-06 14:18:30.810,2024-10-06 14:48:47.122,casual,30.271866666666664,Midday
2024-10-06 14:19:43.976,2024-10-06 14:41:30.614,casual,21.7773,Midday
2024-10-06 14:19:51.501,2024-10-06 14:41:46.942,casual,21.924016666666667,Midday
2024-10-06 14:20:00.471,2024-10-06 14:55:13.427,member,35.21593333333333,Midday
2024-10-06 14:20:49.670,2024-10-06 14:27:03.648,casual,6.232966666666667,Midday
2024-10-06 14:21:12.570,2024-10-06 14:28:40.601,member,7.467183333333334,Midday
2024-10-06 14:21:33.758,2024-10-06 14:39:59.839,casual,18.434683333333332,Midday
2024-10-06 14:21:48.418,2024-10-06 14:33:26.944,member,11.6421,Midday
2024-10-06 14:21:52.021,2024-10-06 14:40:02.758,casual,18.17895,Midday
2024-10-06 14:21:57.424,2024-10-06 14:31:23.128,member,9.4284,Midday
2024-10-06 14:22:07.418,2024-10-06 14:28:53.864,casual,6.774100000000001,Midday
2024-10-06 14:22:59.948,2024-10-06 14:29:07.981,member,6.133883333333333,Midday
2024-10-06 14:23:10.339,2024-10-06 14:29:11.471,member,6.018866666666667,Midday
2024-10-06 14:23:10.558,2024-10-06 14:44:26.155,casual,21.25995,Midday
2024-10-06 14:23:16.896,2024-10-06 14:40:19.948,member,17.050866666666668,Midday
2024-10-06 14:23:36.272,2024-10-06 14:39:02.514,member,15.437366666666666,Midday
2024-10-06 14:23:57.928,2024-10-06 14:34:40.601,member,10.711216666666667,Midday
2024-10-06 14:23:58.688,2024-10-06 14:29:03.690,member,5.083366666666667,Midday
2024-10-06 14:24:11.874,2024-10-06 14:39:15.995,casual,15.068683333333333,Midday
2024-10-06 14:24:30.926,2024-10-06 14:24:49.415,casual,0.30815000000000003,Midday
2024-10-06 14:25:49.287,2024-10-06 14:31:23.174,casual,5.564783333333334,Midday
2024-10-06 14:26:13.151,2024-10-06 14:27:52.907,member,1.6626,Midday
2024-10-06 14:26:36.537,2024-10-06 15:01:49.518,casual,35.216350000000006,Midday
2024-10-06 14:27:22.375,2024-10-06 15:07:40.638,casual,40.304383333333334,Midday
2024-10-06 14:27:39.844,2024-10-06 14:45:39.365,casual,17.992016666666665,Midday
2024-10-06 14:28:38.998,2024-10-06 14:53:11.222,casual,24.537066666666664,Midday
2024-10-06 14:29:02.765,2024-10-06 14:39:25.845,casual,10.384666666666668,Midday
2024-10-06 14:30:31.784,2024-10-06 15:59:48.194,casual,89.2735,Midday
2024-10-06 14:30:48.499,2024-10-06 14:44:29.185,member,13.6781,Midday
2024-10-06 14:31:19.742,2024-10-06 14:46:14.201,casual,14.907649999999999,Midday
2024-10-06 14:31:44.628,2024-10-06 14:45:42.568,member,13.965666666666667,Midday
2024-10-06 14:31:45.505,2024-10-06 14:58:24.468,casual,26.649383333333333,Midday
2024-10-06 14:32:39.648,2024-10-06 14:38:59.104,member,6.324266666666667,Midday
2024-10-06 14:34:19.680,2024-10-06 14:54:27.664,casual,20.133066666666664,Midday
2024-10-06 14:35:05.260,2024-10-06 14:48:18.715,member,13.224250000000001,Midday
2024-10-06 14:35:07.084,2024-10-06 14:38:40.496,casual,3.5568666666666666,Midday
2024-10-06 14:35:15.270,2024-10-06 14:48:37.239,member,13.366150000000001,Midday
2024-10-06 14:35:22.276,2024-10-06 14:56:16.050,casual,20.89623333333333,Midday
2024-10-06 14:36:06.011,2024-10-06 15:54:44.794,casual,78.64638333333333,Midday
2024-10-06 14:36:15.723,2024-10-06 14:49:47.818,casual,13.534916666666668,Midday
2024-10-06 14:36:23.140,2024-10-06 15:54:54.634,casual,78.52489999999999,Midday
2024-10-06 14:37:19.149,2024-10-06 14:48:50.222,member,11.517883333333334,Midday
2024-10-06 14:37:21.841,2024-10-06 14:51:04.637,member,13.713266666666668,Midday
2024-10-06 14:37:36.126,2024-10-06 14:53:41.254,casual,16.08546666666667,Midday
2024-10-06 14:37:41.945,2024-10-06 15:52:20.695,casual,74.64583333333333,Midday
2024-10-06 14:37:53.172,2024-10-06 14:45:21.940,member,7.479466666666666,Midday
2024-10-06 14:37:58.887,2024-10-06 14:41:53.218,member,3.9055166666666663,Midday
2024-10-06 14:37:59.479,2024-10-06 14:43:45.399,casual,5.765333333333333,Midday
2024-10-06 14:38:32.520,2024-10-06 14:53:35.250,member,15.0455,Midday
2024-10-06 14:39:01.032,2024-10-06 14:49:31.434,member,10.5067,Midday
2024-10-06 14:40:16.097,2024-10-06 14:43:57.258,member,3.6860166666666667,Midday
2024-10-06 14:40:38.824,2024-10-06 14:45:13.822,casual,4.5832999999999995,Midday
2024-10-06 14:40:54.498,2024-10-06 14:55:22.301,member,14.463383333333333,Midday
2024-10-06 14:41:18.789,2024-10-06 14:49:50.415,member,8.527099999999999,Midday
2024-10-06 14:41:26.564,2024-10-06 15:00:36.947,casual,19.17305,Midday
2024-10-06 14:41:43.430,2024-10-06 15:35:38.613,casual,53.919716666666666,Midday
2024-10-06 14:41:45.991,2024-10-06 14:48:16.183,casual,6.5032000000000005,Midday
2024-10-06 14:42:04.671,2024-10-06 14:55:03.037,casual,12.972766666666667,Midday
2024-10-06 14:42:19.174,2024-10-06 15:31:45.323,casual,49.43581666666667,Midday
2024-10-06 14:42:42.781,2024-10-06 15:08:48.611,casual,26.097166666666666,Midday
2024-10-06 14:43:13.147,2024-10-06 14:50:47.364,casual,7.570283333333333,Midday
2024-10-06 14:43:15.126,2024-10-06 15:04:55.592,member,21.674433333333333,Midday
2024-10-06 14:43:53.426,2024-10-06 15:22:39.407,member,38.76635,Midday
2024-10-06 14:44:26.025,2024-10-06 15:11:51.217,member,27.419866666666667,Midday
2024-10-06 14:45:21.824,2024-10-06 15:04:33.087,casual,19.187716666666667,Midday
2024-10-06 14:45:37.092,2024-10-06 14:51:26.724,member,5.8272,Midday
2024-10-06 14:46:07.222,2024-10-06 15:16:58.890,member,30.86113333333333,Midday
2024-10-06 14:46:27.040,2024-10-06 15:02:38.321,casual,16.188016666666666,Midday
2024-10-06 14:46:27.652,2024-10-06 14:59:48.680,member,13.350466666666668,Midday
2024-10-06 14:46:46.874,2024-10-06 14:57:59.666,member,11.2132,Midday
2024-10-06 14:46:54.726,2024-10-06 14:52:55.806,member,6.018,Midday
2024-10-06 14:47:00.192,2024-10-06 15:00:08.849,casual,13.144283333333334,Midday
2024-10-06 14:47:50.131,2024-10-06 14:52:07.811,casual,4.294666666666667,Midday
2024-10-06 14:47:51.605,2024-10-06 15:00:39.056,member,12.79085,Midday
2024-10-06 14:48:19.063,2024-10-06 15:06:58.614,casual,18.65918333333333,Midday
2024-10-06 14:48:54.764,2024-10-06 14:53:28.968,member,4.5700666666666665,Midday
2024-10-06 14:49:35.413,2024-10-06 14:57:18.522,casual,7.718483333333333,Midday
2024-10-06 14:49:37.089,2024-10-06 14:51:31.165,member,1.9012666666666667,Midday
2024-10-06 14:49:49.889,2024-10-06 15:04:45.228,casual,14.922316666666667,Midday
2024-10-06 14:50:43.429,2024-10-06 15:02:44.622,casual,12.019883333333333,Midday
2024-10-06 14:50:47.395,2024-10-06 15:04:16.903,casual,13.491800000000001,Midday
2024-10-06 14:51:00.059,2024-10-06 15:11:52.874,member,20.88025,Midday
2024-10-06 14:51:27.307,2024-10-06 15:52:18.149,casual,60.847366666666666,Midday
2024-10-06 14:51:31.291,2024-10-06 15:04:37.711,member,13.107,Midday
2024-10-06 14:51:46.604,2024-10-06 15:03:30.470,casual,11.7311,Midday
2024-10-06 14:51:53.531,2024-10-06 14:55:46.322,member,3.87985,Midday
2024-10-06 14:51:54.445,2024-10-06 14:59:35.398,member,7.68255,Midday
2024-10-06 14:52:20.039,2024-10-06 15:01:01.900,casual,8.697683333333334,Midday
2024-10-06 14:52:26.616,2024-10-06 15:11:09.736,casual,18.718666666666664,Midday
2024-10-06 14:52:35.810,2024-10-06 15:00:54.782,casual,8.3162,Midday
2024-10-06 14:52:42.063,2024-10-06 15:05:16.686,casual,12.577050000000002,Midday
2024-10-06 14:53:17.787,2024-10-06 15:03:33.749,member,10.266033333333333,Midday
2024-10-06 14:53:45.248,2024-10-06 15:07:09.458,member,13.403500000000001,Midday
2024-10-06 14:53:47.275,2024-10-06 14:58:18.351,casual,4.517933333333334,Midday
2024-10-06 14:54:04.788,2024-10-06 15:03:29.048,member,9.404333333333334,Midday
2024-10-06 14:55:39.978,2024-10-06 15:02:34.327,casual,6.9058166666666665,Midday
2024-10-06 14:56:33.304,2024-10-06 15:06:13.402,casual,9.668299999999999,Midday
2024-10-06 14:56:52.503,2024-10-06 15:02:24.875,member,5.539533333333334,Midday
2024-10-06 14:56:56.843,2024-10-06 15:00:22.143,casual,3.421666666666667,Midday
2024-10-06 14:57:34.090,2024-10-06 15:24:51.375,casual,27.288083333333336,Midday
2024-10-06 14:58:15.334,2024-10-06 15:04:06.745,member,5.85685,Midday
2024-10-06 14:58:37.540,2024-10-06 15:10:34.732,member,11.9532,Midday
2024-10-06 14:58:44.656,2024-10-06 15:11:59.463,member,13.246783333333333,Midday
2024-10-06 14:58:51.367,2024-10-06 15:01:52.422,member,3.0175833333333335,Midday
2024-10-06 14:59:42.311,2024-10-06 15:06:20.166,casual,6.630916666666667,Midday
2024-10-06 15:00:23.495,2024-10-06 15:37:18.806,casual,36.92185,Midday
2024-10-06 15:01:32.598,2024-10-06 15:05:44.427,casual,4.19715,Midday
2024-10-06 15:01:44.317,2024-10-06 15:10:21.349,casual,8.6172,Midday
2024-10-06 15:02:01.103,2024-10-06 15:06:38.274,casual,4.619516666666667,Midday
2024-10-06 15:02:30.014,2024-10-06 15:12:54.186,casual,10.402866666666666,Midday
2024-10-06 15:02:34.466,2024-10-06 15:37:00.869,member,34.44005,Midday
2024-10-06 15:02:53.972,2024-10-06 15:21:54.472,member,19.008333333333333,Midday
2024-10-06 15:02:58.442,2024-10-06 15:21:49.491,casual,18.850816666666667,Midday
2024-10-06 15:03:33.654,2024-10-06 15:14:28.302,casual,10.9108,Midday
2024-10-06 15:04:36.390,2024-10-06 15:07:52.107,member,3.26195,Midday
2024-10-06 15:04:49.885,2024-10-06 15:28:50.903,casual,24.01696666666667,Midday
2024-10-06 15:05:27.137,2024-10-06 15:10:47.783,casual,5.3441,Midday
2024-10-06 15:05:37.691,2024-10-06 15:28:52.270,casual,23.24298333333333,Midday
2024-10-06 15:05:41.326,2024-10-06 15:17:53.088,member,12.196033333333332,Midday
2024-10-06 15:05:56.637,2024-10-06 15:28:16.475,member,22.33063333333333,Midday
2024-10-06 15:06:05.285,2024-10-06 15:21:03.760,member,14.974583333333333,Midday
2024-10-06 15:06:06.829,2024-10-06 15:12:49.794,member,6.716083333333333,Midday
2024-10-06 15:06:43.835,2024-10-06 15:16:15.215,member,9.523,Midday
2024-10-06 15:06:48.200,2024-10-06 15:11:54.987,casual,5.1131166666666665,Midday
2024-10-06 15:07:00.821,2024-10-06 15:29:38.171,casual,22.6225,Midday
2024-10-06 15:07:07.232,2024-10-06 15:29:37.063,member,22.497183333333332,Midday
2024-10-06 15:07:19.513,2024-10-06 15:14:17.177,member,6.9610666666666665,Midday
2024-10-06 15:07:48.031,2024-10-06 15:13:16.774,casual,5.47905,Midday
2024-10-06 15:08:17.759,2024-10-06 15:18:53.853,member,10.601566666666667,Midday
2024-10-06 15:08:22.965,2024-10-06 15:44:56.207,casual,36.55403333333334,Midday
2024-10-06 15:08:41.328,2024-10-06 15:22:13.643,casual,13.538583333333333,Midday
2024-10-06 15:08:48.360,2024-10-06 15:42:33.305,member,33.74908333333333,Midday
2024-10-06 15:09:43.716,2024-10-06 15:31:30.235,casual,21.775316666666665,Midday
2024-10-06 15:09:53.595,2024-10-06 15:18:10.764,casual,8.28615,Midday
2024-10-06 15:09:57.761,2024-10-06 15:16:51.547,casual,6.896433333333333,Midday
2024-10-06 15:10:14.565,2024-10-06 16:01:32.055,member,51.2915,Midday
2024-10-06 15:11:25.064,2024-10-06 15:27:46.962,member,16.364966666666668,Midday
2024-10-06 15:12:05.686,2024-10-06 15:21:03.460,member,8.9629,Midday
2024-10-06 15:12:26.981,2024-10-06 15:23:04.302,casual,10.622016666666667,Midday
2024-10-06 15:12:34.502,2024-10-06 15:21:30.945,casual,8.940716666666667,Midday
2024-10-06 15:12:39.875,2024-10-06 15:42:10.339,casual,29.50773333333333,Midday
2024-10-06 15:12:47.653,2024-10-06 15:14:33.544,casual,1.76485,Midday
2024-10-06 15:12:55.700,2024-10-06 15:21:23.397,member,8.461616666666666,Midday
2024-10-06 15:13:25.058,2024-10-06 15:21:44.935,member,8.331283333333333,Midday
2024-10-06 15:13:25.310,2024-10-06 15:32:07.339,member,18.700483333333334,Midday
2024-10-06 15:13:44.178,2024-10-06 15:28:20.641,member,14.607716666666667,Midday
2024-10-06 15:14:24.702,2024-10-06 15:38:09.131,member,23.740483333333334,Midday
2024-10-06 15:14:39.224,2024-10-06 15:17:30.040,casual,2.8469333333333333,Midday
2024-10-06 15:14:49.764,2024-10-06 15:21:46.046,member,6.938033333333333,Midday
2024-10-06 15:15:04.565,2024-10-06 15:22:24.719,casual,7.3359,Midday
2024-10-06 15:15:21.309,2024-10-06 15:23:44.382,casual,8.384549999999999,Midday
2024-10-06 15:15:22.443,2024-10-06 15:22:47.771,casual,7.422133333333333,Midday
2024-10-06 15:15:26.407,2024-10-06 15:30:53.769,casual,15.456033333333332,Midday
2024-10-06 15:15:35.377,2024-10-06 15:30:54.067,member,15.3115,Midday
2024-10-06 15:15:45.876,2024-10-06 15:23:51.906,casual,8.1005,Midday
2024-10-06 15:16:04.202,2024-10-06 15:31:28.603,casual,15.406683333333332,Midday
2024-10-06 15:16:50.569,2024-10-06 15:30:07.973,casual,13.290066666666666,Midday
2024-10-06 15:17:19.325,2024-10-06 15:25:16.278,member,7.949216666666667,Midday
2024-10-06 15:17:21.945,2024-10-06 15:44:08.150,casual,26.770083333333332,Midday
2024-10-06 15:17:57.756,2024-10-06 15:18:32.016,member,0.571,Midday
2024-10-06 15:18:42.789,2024-10-06 15:21:26.305,member,2.7252666666666667,Midday
2024-10-06 15:18:48.615,2024-10-06 15:26:59.851,casual,8.187266666666666,Midday
2024-10-06 15:18:55.761,2024-10-06 15:25:41.158,casual,6.756616666666667,Midday
2024-10-06 15:18:59.166,2024-10-06 15:27:17.712,casual,8.309099999999999,Midday
2024-10-06 15:19:15.067,2024-10-06 15:39:35.383,casual,20.3386,Midday
2024-10-06 15:19:57.269,2024-10-06 15:27:55.177,member,7.965133333333333,Midday
2024-10-06 15:20:00.521,2024-10-06 15:28:36.341,member,8.597000000000001,Midday
2024-10-06 15:20:03.623,2024-10-06 15:22:47.378,casual,2.72925,Midday
2024-10-06 15:20:15.508,2024-10-06 15:24:01.850,member,3.772366666666667,Midday
2024-10-06 15:21:57.393,2024-10-06 15:46:48.778,casual,24.856416666666668,Midday
